Day,WeekName,WeekStartDate,WeekEndDate,Month,MonthName,MonthNum,QuarterName,Year,MonthStartDate,MonthEndDate,PreviousYear,,
1/1/2019,W1,12/31/2018,1/6/2019,Jan,Jan-19,1,Q1,2019,1/1/2019,1/31/2019,2018,,
1/2/2019,W1,12/31/2018,1/6/2019,Jan,Jan-19,1,Q1,2019,1/1/2019,1/31/2019,2018,,
1/3/2019,W1,12/31/2018,1/6/2019,Jan,Jan-19,1,Q1,2019,1/1/2019,1/31/2019,2018,,
1/4/2019,W1,12/31/2018,1/6/2019,Jan,Jan-19,1,Q1,2019,1/1/2019,1/31/2019,2018,,
1/5/2019,W1,12/31/2018,1/6/2019,Jan,Jan-19,1,Q1,2019,1/1/2019,1/31/2019,2018,,
1/6/2019,W2,12/31/2018,1/6/2019,Jan,Jan-19,1,Q1,2019,1/1/2019,1/31/2019,2018,,
1/7/2019,W2,1/7/2019,1/13/2019,Jan,Jan-19,1,Q1,2019,1/1/2019,1/31/2019,2018,,
1/8/2019,W2,1/7/2019,1/13/2019,Jan,Jan-19,1,Q1,2019,1/1/2019,1/31/2019,2018,,
1/9/2019,W2,1/7/2019,1/13/2019,Jan,Jan-19,1,Q1,2019,1/1/2019,1/31/2019,2018,,
1/10/2019,W2,1/7/2019,1/13/2019,Jan,Jan-19,1,Q1,2019,1/1/2019,1/31/2019,2018,,
1/11/2019,W2,1/7/2019,1/13/2019,Jan,Jan-19,1,Q1,2019,1/1/2019,1/31/2019,2018,,
1/12/2019,W2,1/7/2019,1/13/2019,Jan,Jan-19,1,Q1,2019,1/1/2019,1/31/2019,2018,,
1/13/2019,W3,1/7/2019,1/13/2019,Jan,Jan-19,1,Q1,2019,1/1/2019,1/31/2019,2018,,
1/14/2019,W3,1/14/2019,1/20/2019,Jan,Jan-19,1,Q1,2019,1/1/2019,1/31/2019,2018,,
1/15/2019,W3,1/14/2019,1/20/2019,Jan,Jan-19,1,Q1,2019,1/1/2019,1/31/2019,2018,,
1/16/2019,W3,1/14/2019,1/20/2019,Jan,Jan-19,1,Q1,2019,1/1/2019,1/31/2019,2018,,
1/17/2019,W3,1/14/2019,1/20/2019,Jan,Jan-19,1,Q1,2019,1/1/2019,1/31/2019,2018,,
1/18/2019,W3,1/14/2019,1/20/2019,Jan,Jan-19,1,Q1,2019,1/1/2019,1/31/2019,2018,,
1/19/2019,W3,1/14/2019,1/20/2019,Jan,Jan-19,1,Q1,2019,1/1/2019,1/31/2019,2018,,
1/20/2019,W4,1/14/2019,1/20/2019,Jan,Jan-19,1,Q1,2019,1/1/2019,1/31/2019,2018,,
1/21/2019,W4,1/21/2019,1/27/2019,Jan,Jan-19,1,Q1,2019,1/1/2019,1/31/2019,2018,,
1/22/2019,W4,1/21/2019,1/27/2019,Jan,Jan-19,1,Q1,2019,1/1/2019,1/31/2019,2018,,
1/23/2019,W4,1/21/2019,1/27/2019,Jan,Jan-19,1,Q1,2019,1/1/2019,1/31/2019,2018,,
1/24/2019,W4,1/21/2019,1/27/2019,Jan,Jan-19,1,Q1,2019,1/1/2019,1/31/2019,2018,,
1/25/2019,W4,1/21/2019,1/27/2019,Jan,Jan-19,1,Q1,2019,1/1/2019,1/31/2019,2018,,
1/26/2019,W4,1/21/2019,1/27/2019,Jan,Jan-19,1,Q1,2019,1/1/2019,1/31/2019,2018,,
1/27/2019,W5,1/21/2019,1/27/2019,Jan,Jan-19,1,Q1,2019,1/1/2019,1/31/2019,2018,,
1/28/2019,W5,1/28/2019,2/3/2019,Jan,Jan-19,1,Q1,2019,1/1/2019,1/31/2019,2018,,
1/29/2019,W5,1/28/2019,2/3/2019,Jan,Jan-19,1,Q1,2019,1/1/2019,1/31/2019,2018,,
1/30/2019,W5,1/28/2019,2/3/2019,Jan,Jan-19,1,Q1,2019,1/1/2019,1/31/2019,2018,,
1/31/2019,W5,1/28/2019,2/3/2019,Jan,Jan-19,1,Q1,2019,1/1/2019,1/31/2019,2018,,
2/1/2019,W5,1/28/2019,2/3/2019,Feb,Feb-19,2,Q1,2019,2/1/2019,2/28/2019,2018,,
2/2/2019,W5,1/28/2019,2/3/2019,Feb,Feb-19,2,Q1,2019,2/1/2019,2/28/2019,2018,,
2/3/2019,W6,1/28/2019,2/3/2019,Feb,Feb-19,2,Q1,2019,2/1/2019,2/28/2019,2018,,
2/4/2019,W6,2/4/2019,2/10/2019,Feb,Feb-19,2,Q1,2019,2/1/2019,2/28/2019,2018,,
2/5/2019,W6,2/4/2019,2/10/2019,Feb,Feb-19,2,Q1,2019,2/1/2019,2/28/2019,2018,,
2/6/2019,W6,2/4/2019,2/10/2019,Feb,Feb-19,2,Q1,2019,2/1/2019,2/28/2019,2018,,
2/7/2019,W6,2/4/2019,2/10/2019,Feb,Feb-19,2,Q1,2019,2/1/2019,2/28/2019,2018,,
2/8/2019,W6,2/4/2019,2/10/2019,Feb,Feb-19,2,Q1,2019,2/1/2019,2/28/2019,2018,,
2/9/2019,W6,2/4/2019,2/10/2019,Feb,Feb-19,2,Q1,2019,2/1/2019,2/28/2019,2018,,
2/10/2019,W7,2/4/2019,2/10/2019,Feb,Feb-19,2,Q1,2019,2/1/2019,2/28/2019,2018,,
2/11/2019,W7,2/11/2019,2/17/2019,Feb,Feb-19,2,Q1,2019,2/1/2019,2/28/2019,2018,,
2/12/2019,W7,2/11/2019,2/17/2019,Feb,Feb-19,2,Q1,2019,2/1/2019,2/28/2019,2018,,
2/13/2019,W7,2/11/2019,2/17/2019,Feb,Feb-19,2,Q1,2019,2/1/2019,2/28/2019,2018,,
2/14/2019,W7,2/11/2019,2/17/2019,Feb,Feb-19,2,Q1,2019,2/1/2019,2/28/2019,2018,,
2/15/2019,W7,2/11/2019,2/17/2019,Feb,Feb-19,2,Q1,2019,2/1/2019,2/28/2019,2018,,
2/16/2019,W7,2/11/2019,2/17/2019,Feb,Feb-19,2,Q1,2019,2/1/2019,2/28/2019,2018,,
2/17/2019,W8,2/11/2019,2/17/2019,Feb,Feb-19,2,Q1,2019,2/1/2019,2/28/2019,2018,,
2/18/2019,W8,2/18/2019,2/24/2019,Feb,Feb-19,2,Q1,2019,2/1/2019,2/28/2019,2018,,
2/19/2019,W8,2/18/2019,2/24/2019,Feb,Feb-19,2,Q1,2019,2/1/2019,2/28/2019,2018,,
2/20/2019,W8,2/18/2019,2/24/2019,Feb,Feb-19,2,Q1,2019,2/1/2019,2/28/2019,2018,,
2/21/2019,W8,2/18/2019,2/24/2019,Feb,Feb-19,2,Q1,2019,2/1/2019,2/28/2019,2018,,
2/22/2019,W8,2/18/2019,2/24/2019,Feb,Feb-19,2,Q1,2019,2/1/2019,2/28/2019,2018,,
2/23/2019,W8,2/18/2019,2/24/2019,Feb,Feb-19,2,Q1,2019,2/1/2019,2/28/2019,2018,,
2/24/2019,W9,2/18/2019,2/24/2019,Feb,Feb-19,2,Q1,2019,2/1/2019,2/28/2019,2018,,
2/25/2019,W9,2/25/2019,3/3/2019,Feb,Feb-19,2,Q1,2019,2/1/2019,2/28/2019,2018,,
2/26/2019,W9,2/25/2019,3/3/2019,Feb,Feb-19,2,Q1,2019,2/1/2019,2/28/2019,2018,,
2/27/2019,W9,2/25/2019,3/3/2019,Feb,Feb-19,2,Q1,2019,2/1/2019,2/28/2019,2018,,
2/28/2019,W9,2/25/2019,3/3/2019,Feb,Feb-19,2,Q1,2019,2/1/2019,2/28/2019,2018,,
3/1/2019,W9,2/25/2019,3/3/2019,Mar,Mar-19,3,Q1,2019,3/1/2019,3/29/2019,2018,,
3/2/2019,W9,2/25/2019,3/3/2019,Mar,Mar-19,3,Q1,2019,3/1/2019,3/29/2019,2018,,
3/3/2019,W10,2/25/2019,3/3/2019,Mar,Mar-19,3,Q1,2019,3/1/2019,3/29/2019,2018,,
3/4/2019,W10,3/4/2019,3/10/2019,Mar,Mar-19,3,Q1,2019,3/1/2019,3/29/2019,2018,,
3/5/2019,W10,3/4/2019,3/10/2019,Mar,Mar-19,3,Q1,2019,3/1/2019,3/29/2019,2018,,
3/6/2019,W10,3/4/2019,3/10/2019,Mar,Mar-19,3,Q1,2019,3/1/2019,3/29/2019,2018,,
3/7/2019,W10,3/4/2019,3/10/2019,Mar,Mar-19,3,Q1,2019,3/1/2019,3/29/2019,2018,,
3/8/2019,W10,3/4/2019,3/10/2019,Mar,Mar-19,3,Q1,2019,3/1/2019,3/29/2019,2018,,
3/9/2019,W10,3/4/2019,3/10/2019,Mar,Mar-19,3,Q1,2019,3/1/2019,3/29/2019,2018,,
3/10/2019,W11,3/4/2019,3/10/2019,Mar,Mar-19,3,Q1,2019,3/1/2019,3/29/2019,2018,,
3/11/2019,W11,3/11/2019,3/17/2019,Mar,Mar-19,3,Q1,2019,3/1/2019,3/29/2019,2018,,
3/12/2019,W11,3/11/2019,3/17/2019,Mar,Mar-19,3,Q1,2019,3/1/2019,3/29/2019,2018,,
3/13/2019,W11,3/11/2019,3/17/2019,Mar,Mar-19,3,Q1,2019,3/1/2019,3/29/2019,2018,,
3/14/2019,W11,3/11/2019,3/17/2019,Mar,Mar-19,3,Q1,2019,3/1/2019,3/29/2019,2018,,
3/15/2019,W11,3/11/2019,3/17/2019,Mar,Mar-19,3,Q1,2019,3/1/2019,3/29/2019,2018,,
3/16/2019,W11,3/11/2019,3/17/2019,Mar,Mar-19,3,Q1,2019,3/1/2019,3/29/2019,2018,,
3/17/2019,W12,3/11/2019,3/17/2019,Mar,Mar-19,3,Q1,2019,3/1/2019,3/29/2019,2018,,
3/18/2019,W12,3/18/2019,3/24/2019,Mar,Mar-19,3,Q1,2019,3/1/2019,3/29/2019,2018,,
3/19/2019,W12,3/18/2019,3/24/2019,Mar,Mar-19,3,Q1,2019,3/1/2019,3/29/2019,2018,,
3/20/2019,W12,3/18/2019,3/24/2019,Mar,Mar-19,3,Q1,2019,3/1/2019,3/29/2019,2018,,
3/21/2019,W12,3/18/2019,3/24/2019,Mar,Mar-19,3,Q1,2019,3/1/2019,3/29/2019,2018,,
3/22/2019,W12,3/18/2019,3/24/2019,Mar,Mar-19,3,Q1,2019,3/1/2019,3/29/2019,2018,,
3/23/2019,W12,3/18/2019,3/24/2019,Mar,Mar-19,3,Q1,2019,3/1/2019,3/29/2019,2018,,
3/24/2019,W13,3/18/2019,3/24/2019,Mar,Mar-19,3,Q1,2019,3/1/2019,3/29/2019,2018,,
3/25/2019,W13,3/25/2019,3/31/2019,Mar,Mar-19,3,Q1,2019,3/1/2019,3/29/2019,2018,,
3/26/2019,W13,3/25/2019,3/31/2019,Mar,Mar-19,3,Q1,2019,3/1/2019,3/29/2019,2018,,
3/27/2019,W13,3/25/2019,3/31/2019,Mar,Mar-19,3,Q1,2019,3/1/2019,3/29/2019,2018,,
3/28/2019,W13,3/25/2019,3/31/2019,Mar,Mar-19,3,Q1,2019,3/1/2019,3/29/2019,2018,,
3/29/2019,W13,3/25/2019,3/31/2019,Mar,Mar-19,3,Q1,2019,3/1/2019,3/29/2019,2018,,
3/30/2019,W13,3/25/2019,3/31/2019,Mar,Mar-19,3,Q1,2019,3/1/2019,3/29/2019,2018,,
3/31/2019,W14,3/25/2019,3/31/2019,Mar,Mar-19,3,Q1,2019,3/1/2019,3/29/2019,2018,,
4/1/2019,W14,4/1/2019,4/7/2019,Apr,Apr-19,4,Q2,2019,4/1/2019,4/30/2019,2018,,
4/2/2019,W14,4/1/2019,4/7/2019,Apr,Apr-19,4,Q2,2019,4/1/2019,4/30/2019,2018,,
4/3/2019,W14,4/1/2019,4/7/2019,Apr,Apr-19,4,Q2,2019,4/1/2019,4/30/2019,2018,,
4/4/2019,W14,4/1/2019,4/7/2019,Apr,Apr-19,4,Q2,2019,4/1/2019,4/30/2019,2018,,
4/5/2019,W14,4/1/2019,4/7/2019,Apr,Apr-19,4,Q2,2019,4/1/2019,4/30/2019,2018,,
4/6/2019,W14,4/1/2019,4/7/2019,Apr,Apr-19,4,Q2,2019,4/1/2019,4/30/2019,2018,,
4/7/2019,W15,4/1/2019,4/7/2019,Apr,Apr-19,4,Q2,2019,4/1/2019,4/30/2019,2018,,
4/8/2019,W15,4/8/2019,4/14/2019,Apr,Apr-19,4,Q2,2019,4/1/2019,4/30/2019,2018,,
4/9/2019,W15,4/8/2019,4/14/2019,Apr,Apr-19,4,Q2,2019,4/1/2019,4/30/2019,2018,,
4/10/2019,W15,4/8/2019,4/14/2019,Apr,Apr-19,4,Q2,2019,4/1/2019,4/30/2019,2018,,
4/11/2019,W15,4/8/2019,4/14/2019,Apr,Apr-19,4,Q2,2019,4/1/2019,4/30/2019,2018,,
4/12/2019,W15,4/8/2019,4/14/2019,Apr,Apr-19,4,Q2,2019,4/1/2019,4/30/2019,2018,,
4/13/2019,W15,4/8/2019,4/14/2019,Apr,Apr-19,4,Q2,2019,4/1/2019,4/30/2019,2018,,
4/14/2019,W16,4/8/2019,4/14/2019,Apr,Apr-19,4,Q2,2019,4/1/2019,4/30/2019,2018,,
4/15/2019,W16,4/15/2019,4/21/2019,Apr,Apr-19,4,Q2,2019,4/1/2019,4/30/2019,2018,,
4/16/2019,W16,4/15/2019,4/21/2019,Apr,Apr-19,4,Q2,2019,4/1/2019,4/30/2019,2018,,
4/17/2019,W16,4/15/2019,4/21/2019,Apr,Apr-19,4,Q2,2019,4/1/2019,4/30/2019,2018,,
4/18/2019,W16,4/15/2019,4/21/2019,Apr,Apr-19,4,Q2,2019,4/1/2019,4/30/2019,2018,,
4/19/2019,W16,4/15/2019,4/21/2019,Apr,Apr-19,4,Q2,2019,4/1/2019,4/30/2019,2018,,
4/20/2019,W16,4/15/2019,4/21/2019,Apr,Apr-19,4,Q2,2019,4/1/2019,4/30/2019,2018,,
4/21/2019,W17,4/15/2019,4/21/2019,Apr,Apr-19,4,Q2,2019,4/1/2019,4/30/2019,2018,,
4/22/2019,W17,4/22/2019,4/28/2019,Apr,Apr-19,4,Q2,2019,4/1/2019,4/30/2019,2018,,
4/23/2019,W17,4/22/2019,4/28/2019,Apr,Apr-19,4,Q2,2019,4/1/2019,4/30/2019,2018,,
4/24/2019,W17,4/22/2019,4/28/2019,Apr,Apr-19,4,Q2,2019,4/1/2019,4/30/2019,2018,,
4/25/2019,W17,4/22/2019,4/28/2019,Apr,Apr-19,4,Q2,2019,4/1/2019,4/30/2019,2018,,
4/26/2019,W17,4/22/2019,4/28/2019,Apr,Apr-19,4,Q2,2019,4/1/2019,4/30/2019,2018,,
4/27/2019,W17,4/22/2019,4/28/2019,Apr,Apr-19,4,Q2,2019,4/1/2019,4/30/2019,2018,,
4/28/2019,W18,4/22/2019,4/28/2019,Apr,Apr-19,4,Q2,2019,4/1/2019,4/30/2019,2018,,
4/29/2019,W18,4/29/2019,5/5/2019,Apr,Apr-19,4,Q2,2019,4/1/2019,4/30/2019,2018,,
4/30/2019,W18,4/29/2019,5/5/2019,Apr,Apr-19,4,Q2,2019,4/1/2019,4/30/2019,2018,,
5/1/2019,W18,4/29/2019,5/5/2019,May,May-19,5,Q2,2019,5/1/2019,5/31/2019,2018,,
5/2/2019,W18,4/29/2019,5/5/2019,May,May-19,5,Q2,2019,5/1/2019,5/31/2019,2018,,
5/3/2019,W18,4/29/2019,5/5/2019,May,May-19,5,Q2,2019,5/1/2019,5/31/2019,2018,,
5/4/2019,W18,4/29/2019,5/5/2019,May,May-19,5,Q2,2019,5/1/2019,5/31/2019,2018,,
5/5/2019,W19,4/29/2019,5/5/2019,May,May-19,5,Q2,2019,5/1/2019,5/31/2019,2018,,
5/6/2019,W19,5/6/2019,5/12/2019,May,May-19,5,Q2,2019,5/1/2019,5/31/2019,2018,,
5/7/2019,W19,5/6/2019,5/12/2019,May,May-19,5,Q2,2019,5/1/2019,5/31/2019,2018,,
5/8/2019,W19,5/6/2019,5/12/2019,May,May-19,5,Q2,2019,5/1/2019,5/31/2019,2018,,
5/9/2019,W19,5/6/2019,5/12/2019,May,May-19,5,Q2,2019,5/1/2019,5/31/2019,2018,,
5/10/2019,W19,5/6/2019,5/12/2019,May,May-19,5,Q2,2019,5/1/2019,5/31/2019,2018,,
5/11/2019,W19,5/6/2019,5/12/2019,May,May-19,5,Q2,2019,5/1/2019,5/31/2019,2018,,
5/12/2019,W20,5/6/2019,5/12/2019,May,May-19,5,Q2,2019,5/1/2019,5/31/2019,2018,,
5/13/2019,W20,5/13/2019,5/19/2019,May,May-19,5,Q2,2019,5/1/2019,5/31/2019,2018,,
5/14/2019,W20,5/13/2019,5/19/2019,May,May-19,5,Q2,2019,5/1/2019,5/31/2019,2018,,
5/15/2019,W20,5/13/2019,5/19/2019,May,May-19,5,Q2,2019,5/1/2019,5/31/2019,2018,,
5/16/2019,W20,5/13/2019,5/19/2019,May,May-19,5,Q2,2019,5/1/2019,5/31/2019,2018,,
5/17/2019,W20,5/13/2019,5/19/2019,May,May-19,5,Q2,2019,5/1/2019,5/31/2019,2018,,
5/18/2019,W20,5/13/2019,5/19/2019,May,May-19,5,Q2,2019,5/1/2019,5/31/2019,2018,,
5/19/2019,W21,5/13/2019,5/19/2019,May,May-19,5,Q2,2019,5/1/2019,5/31/2019,2018,,
5/20/2019,W21,5/20/2019,5/26/2019,May,May-19,5,Q2,2019,5/1/2019,5/31/2019,2018,,
5/21/2019,W21,5/20/2019,5/26/2019,May,May-19,5,Q2,2019,5/1/2019,5/31/2019,2018,,
5/22/2019,W21,5/20/2019,5/26/2019,May,May-19,5,Q2,2019,5/1/2019,5/31/2019,2018,,
5/23/2019,W21,5/20/2019,5/26/2019,May,May-19,5,Q2,2019,5/1/2019,5/31/2019,2018,,
5/24/2019,W21,5/20/2019,5/26/2019,May,May-19,5,Q2,2019,5/1/2019,5/31/2019,2018,,
5/25/2019,W21,5/20/2019,5/26/2019,May,May-19,5,Q2,2019,5/1/2019,5/31/2019,2018,,
5/26/2019,W22,5/20/2019,5/26/2019,May,May-19,5,Q2,2019,5/1/2019,5/31/2019,2018,,
5/27/2019,W22,5/27/2019,6/2/2019,May,May-19,5,Q2,2019,5/1/2019,5/31/2019,2018,,
5/28/2019,W22,5/27/2019,6/2/2019,May,May-19,5,Q2,2019,5/1/2019,5/31/2019,2018,,
5/29/2019,W22,5/27/2019,6/2/2019,May,May-19,5,Q2,2019,5/1/2019,5/31/2019,2018,,
5/30/2019,W22,5/27/2019,6/2/2019,May,May-19,5,Q2,2019,5/1/2019,5/31/2019,2018,,
5/31/2019,W22,5/27/2019,6/2/2019,May,May-19,5,Q2,2019,5/1/2019,5/31/2019,2018,,
6/1/2019,W22,5/27/2019,6/2/2019,Jun,Jun-19,6,Q2,2019,6/1/2019,6/28/2019,2018,,
6/2/2019,W23,5/27/2019,6/2/2019,Jun,Jun-19,6,Q2,2019,6/1/2019,6/28/2019,2018,,
6/3/2019,W23,6/3/2019,6/9/2019,Jun,Jun-19,6,Q2,2019,6/1/2019,6/28/2019,2018,,
6/4/2019,W23,6/3/2019,6/9/2019,Jun,Jun-19,6,Q2,2019,6/1/2019,6/28/2019,2018,,
6/5/2019,W23,6/3/2019,6/9/2019,Jun,Jun-19,6,Q2,2019,6/1/2019,6/28/2019,2018,,
6/6/2019,W23,6/3/2019,6/9/2019,Jun,Jun-19,6,Q2,2019,6/1/2019,6/28/2019,2018,,
6/7/2019,W23,6/3/2019,6/9/2019,Jun,Jun-19,6,Q2,2019,6/1/2019,6/28/2019,2018,,
6/8/2019,W23,6/3/2019,6/9/2019,Jun,Jun-19,6,Q2,2019,6/1/2019,6/28/2019,2018,,
6/9/2019,W24,6/3/2019,6/9/2019,Jun,Jun-19,6,Q2,2019,6/1/2019,6/28/2019,2018,,
6/10/2019,W24,6/10/2019,6/16/2019,Jun,Jun-19,6,Q2,2019,6/1/2019,6/28/2019,2018,,
6/11/2019,W24,6/10/2019,6/16/2019,Jun,Jun-19,6,Q2,2019,6/1/2019,6/28/2019,2018,,
6/12/2019,W24,6/10/2019,6/16/2019,Jun,Jun-19,6,Q2,2019,6/1/2019,6/28/2019,2018,,
6/13/2019,W24,6/10/2019,6/16/2019,Jun,Jun-19,6,Q2,2019,6/1/2019,6/28/2019,2018,,
6/14/2019,W24,6/10/2019,6/16/2019,Jun,Jun-19,6,Q2,2019,6/1/2019,6/28/2019,2018,,
6/15/2019,W24,6/10/2019,6/16/2019,Jun,Jun-19,6,Q2,2019,6/1/2019,6/28/2019,2018,,
6/16/2019,W25,6/10/2019,6/16/2019,Jun,Jun-19,6,Q2,2019,6/1/2019,6/28/2019,2018,,
6/17/2019,W25,6/17/2019,6/23/2019,Jun,Jun-19,6,Q2,2019,6/1/2019,6/28/2019,2018,,
6/18/2019,W25,6/17/2019,6/23/2019,Jun,Jun-19,6,Q2,2019,6/1/2019,6/28/2019,2018,,
6/19/2019,W25,6/17/2019,6/23/2019,Jun,Jun-19,6,Q2,2019,6/1/2019,6/28/2019,2018,,
6/20/2019,W25,6/17/2019,6/23/2019,Jun,Jun-19,6,Q2,2019,6/1/2019,6/28/2019,2018,,
6/21/2019,W25,6/17/2019,6/23/2019,Jun,Jun-19,6,Q2,2019,6/1/2019,6/28/2019,2018,,
6/22/2019,W25,6/17/2019,6/23/2019,Jun,Jun-19,6,Q2,2019,6/1/2019,6/28/2019,2018,,
6/23/2019,W26,6/17/2019,6/23/2019,Jun,Jun-19,6,Q2,2019,6/1/2019,6/28/2019,2018,,
6/24/2019,W26,6/24/2019,6/30/2019,Jun,Jun-19,6,Q2,2019,6/1/2019,6/28/2019,2018,,
6/25/2019,W26,6/24/2019,6/30/2019,Jun,Jun-19,6,Q2,2019,6/1/2019,6/28/2019,2018,,
6/26/2019,W26,6/24/2019,6/30/2019,Jun,Jun-19,6,Q2,2019,6/1/2019,6/28/2019,2018,,
6/27/2019,W26,6/24/2019,6/30/2019,Jun,Jun-19,6,Q2,2019,6/1/2019,6/28/2019,2018,,
6/28/2019,W26,6/24/2019,6/30/2019,Jun,Jun-19,6,Q2,2019,6/1/2019,6/28/2019,2018,,
6/29/2019,W26,6/24/2019,6/30/2019,Jun,Jun-19,6,Q2,2019,6/1/2019,6/28/2019,2018,,
6/30/2019,W27,6/24/2019,6/30/2019,Jun,Jun-19,6,Q2,2019,6/1/2019,6/28/2019,2018,,
7/1/2019,W27,7/1/2019,7/7/2019,Jul,Jul-19,7,Q3,2019,7/1/2019,7/31/2019,2018,,
7/2/2019,W27,7/1/2019,7/7/2019,Jul,Jul-19,7,Q3,2019,7/1/2019,7/31/2019,2018,,
7/3/2019,W27,7/1/2019,7/7/2019,Jul,Jul-19,7,Q3,2019,7/1/2019,7/31/2019,2018,,
7/4/2019,W27,7/1/2019,7/7/2019,Jul,Jul-19,7,Q3,2019,7/1/2019,7/31/2019,2018,,
7/5/2019,W27,7/1/2019,7/7/2019,Jul,Jul-19,7,Q3,2019,7/1/2019,7/31/2019,2018,,
7/6/2019,W27,7/1/2019,7/7/2019,Jul,Jul-19,7,Q3,2019,7/1/2019,7/31/2019,2018,,
7/7/2019,W28,7/1/2019,7/7/2019,Jul,Jul-19,7,Q3,2019,7/1/2019,7/31/2019,2018,,
7/8/2019,W28,7/8/2019,7/14/2019,Jul,Jul-19,7,Q3,2019,7/1/2019,7/31/2019,2018,,
7/9/2019,W28,7/8/2019,7/14/2019,Jul,Jul-19,7,Q3,2019,7/1/2019,7/31/2019,2018,,
7/10/2019,W28,7/8/2019,7/14/2019,Jul,Jul-19,7,Q3,2019,7/1/2019,7/31/2019,2018,,
7/11/2019,W28,7/8/2019,7/14/2019,Jul,Jul-19,7,Q3,2019,7/1/2019,7/31/2019,2018,,
7/12/2019,W28,7/8/2019,7/14/2019,Jul,Jul-19,7,Q3,2019,7/1/2019,7/31/2019,2018,,
7/13/2019,W28,7/8/2019,7/14/2019,Jul,Jul-19,7,Q3,2019,7/1/2019,7/31/2019,2018,,
7/14/2019,W29,7/8/2019,7/14/2019,Jul,Jul-19,7,Q3,2019,7/1/2019,7/31/2019,2018,,
7/15/2019,W29,7/15/2019,7/21/2019,Jul,Jul-19,7,Q3,2019,7/1/2019,7/31/2019,2018,,
7/16/2019,W29,7/15/2019,7/21/2019,Jul,Jul-19,7,Q3,2019,7/1/2019,7/31/2019,2018,,
7/17/2019,W29,7/15/2019,7/21/2019,Jul,Jul-19,7,Q3,2019,7/1/2019,7/31/2019,2018,,
7/18/2019,W29,7/15/2019,7/21/2019,Jul,Jul-19,7,Q3,2019,7/1/2019,7/31/2019,2018,,
7/19/2019,W29,7/15/2019,7/21/2019,Jul,Jul-19,7,Q3,2019,7/1/2019,7/31/2019,2018,,
7/20/2019,W29,7/15/2019,7/21/2019,Jul,Jul-19,7,Q3,2019,7/1/2019,7/31/2019,2018,,
7/21/2019,W30,7/15/2019,7/21/2019,Jul,Jul-19,7,Q3,2019,7/1/2019,7/31/2019,2018,,
7/22/2019,W30,7/22/2019,7/28/2019,Jul,Jul-19,7,Q3,2019,7/1/2019,7/31/2019,2018,,
7/23/2019,W30,7/22/2019,7/28/2019,Jul,Jul-19,7,Q3,2019,7/1/2019,7/31/2019,2018,,
7/24/2019,W30,7/22/2019,7/28/2019,Jul,Jul-19,7,Q3,2019,7/1/2019,7/31/2019,2018,,
7/25/2019,W30,7/22/2019,7/28/2019,Jul,Jul-19,7,Q3,2019,7/1/2019,7/31/2019,2018,,
7/26/2019,W30,7/22/2019,7/28/2019,Jul,Jul-19,7,Q3,2019,7/1/2019,7/31/2019,2018,,
7/27/2019,W30,7/22/2019,7/28/2019,Jul,Jul-19,7,Q3,2019,7/1/2019,7/31/2019,2018,,
7/28/2019,W31,7/22/2019,7/28/2019,Jul,Jul-19,7,Q3,2019,7/1/2019,7/31/2019,2018,,
7/29/2019,W31,7/29/2019,8/4/2019,Jul,Jul-19,7,Q3,2019,7/1/2019,7/31/2019,2018,,
7/30/2019,W31,7/29/2019,8/4/2019,Jul,Jul-19,7,Q3,2019,7/1/2019,7/31/2019,2018,,
7/31/2019,W31,7/29/2019,8/4/2019,Jul,Jul-19,7,Q3,2019,7/1/2019,7/31/2019,2018,,
8/1/2019,W31,7/29/2019,8/4/2019,Aug,Aug-19,8,Q3,2019,8/1/2019,8/30/2019,2018,,
8/2/2019,W31,7/29/2019,8/4/2019,Aug,Aug-19,8,Q3,2019,8/1/2019,8/30/2019,2018,,
8/3/2019,W31,7/29/2019,8/4/2019,Aug,Aug-19,8,Q3,2019,8/1/2019,8/30/2019,2018,,
8/4/2019,W32,7/29/2019,8/4/2019,Aug,Aug-19,8,Q3,2019,8/1/2019,8/30/2019,2018,,
8/5/2019,W32,8/5/2019,8/11/2019,Aug,Aug-19,8,Q3,2019,8/1/2019,8/30/2019,2018,,
8/6/2019,W32,8/5/2019,8/11/2019,Aug,Aug-19,8,Q3,2019,8/1/2019,8/30/2019,2018,,
8/7/2019,W32,8/5/2019,8/11/2019,Aug,Aug-19,8,Q3,2019,8/1/2019,8/30/2019,2018,,
8/8/2019,W32,8/5/2019,8/11/2019,Aug,Aug-19,8,Q3,2019,8/1/2019,8/30/2019,2018,,
8/9/2019,W32,8/5/2019,8/11/2019,Aug,Aug-19,8,Q3,2019,8/1/2019,8/30/2019,2018,,
8/10/2019,W32,8/5/2019,8/11/2019,Aug,Aug-19,8,Q3,2019,8/1/2019,8/30/2019,2018,,
8/11/2019,W33,8/5/2019,8/11/2019,Aug,Aug-19,8,Q3,2019,8/1/2019,8/30/2019,2018,,
8/12/2019,W33,8/12/2019,8/18/2019,Aug,Aug-19,8,Q3,2019,8/1/2019,8/30/2019,2018,,
8/13/2019,W33,8/12/2019,8/18/2019,Aug,Aug-19,8,Q3,2019,8/1/2019,8/30/2019,2018,,
8/14/2019,W33,8/12/2019,8/18/2019,Aug,Aug-19,8,Q3,2019,8/1/2019,8/30/2019,2018,,
8/15/2019,W33,8/12/2019,8/18/2019,Aug,Aug-19,8,Q3,2019,8/1/2019,8/30/2019,2018,,
8/16/2019,W33,8/12/2019,8/18/2019,Aug,Aug-19,8,Q3,2019,8/1/2019,8/30/2019,2018,,
8/17/2019,W33,8/12/2019,8/18/2019,Aug,Aug-19,8,Q3,2019,8/1/2019,8/30/2019,2018,,
8/18/2019,W34,8/12/2019,8/18/2019,Aug,Aug-19,8,Q3,2019,8/1/2019,8/30/2019,2018,,
8/19/2019,W34,8/19/2019,8/25/2019,Aug,Aug-19,8,Q3,2019,8/1/2019,8/30/2019,2018,,
8/20/2019,W34,8/19/2019,8/25/2019,Aug,Aug-19,8,Q3,2019,8/1/2019,8/30/2019,2018,,
8/21/2019,W34,8/19/2019,8/25/2019,Aug,Aug-19,8,Q3,2019,8/1/2019,8/30/2019,2018,,
8/22/2019,W34,8/19/2019,8/25/2019,Aug,Aug-19,8,Q3,2019,8/1/2019,8/30/2019,2018,,
8/23/2019,W34,8/19/2019,8/25/2019,Aug,Aug-19,8,Q3,2019,8/1/2019,8/30/2019,2018,,
8/24/2019,W34,8/19/2019,8/25/2019,Aug,Aug-19,8,Q3,2019,8/1/2019,8/30/2019,2018,,
8/25/2019,W35,8/19/2019,8/25/2019,Aug,Aug-19,8,Q3,2019,8/1/2019,8/30/2019,2018,,
8/26/2019,W35,8/26/2019,9/1/2019,Aug,Aug-19,8,Q3,2019,8/1/2019,8/30/2019,2018,,
8/27/2019,W35,8/26/2019,9/1/2019,Aug,Aug-19,8,Q3,2019,8/1/2019,8/30/2019,2018,,
8/28/2019,W35,8/26/2019,9/1/2019,Aug,Aug-19,8,Q3,2019,8/1/2019,8/30/2019,2018,,
8/29/2019,W35,8/26/2019,9/1/2019,Aug,Aug-19,8,Q3,2019,8/1/2019,8/30/2019,2018,,
8/30/2019,W35,8/26/2019,9/1/2019,Aug,Aug-19,8,Q3,2019,8/1/2019,8/30/2019,2018,,
8/31/2019,W35,8/26/2019,9/1/2019,Aug,Aug-19,8,Q3,2019,8/1/2019,8/30/2019,2018,,
9/1/2019,W36,8/26/2019,9/1/2019,Sep,Sep-19,9,Q3,2019,9/1/2019,9/30/2019,2018,,
9/2/2019,W36,9/2/2019,9/8/2019,Sep,Sep-19,9,Q3,2019,9/1/2019,9/30/2019,2018,,
9/3/2019,W36,9/2/2019,9/8/2019,Sep,Sep-19,9,Q3,2019,9/1/2019,9/30/2019,2018,,
9/4/2019,W36,9/2/2019,9/8/2019,Sep,Sep-19,9,Q3,2019,9/1/2019,9/30/2019,2018,,
9/5/2019,W36,9/2/2019,9/8/2019,Sep,Sep-19,9,Q3,2019,9/1/2019,9/30/2019,2018,,
9/6/2019,W36,9/2/2019,9/8/2019,Sep,Sep-19,9,Q3,2019,9/1/2019,9/30/2019,2018,,
9/7/2019,W36,9/2/2019,9/8/2019,Sep,Sep-19,9,Q3,2019,9/1/2019,9/30/2019,2018,,
9/8/2019,W37,9/2/2019,9/8/2019,Sep,Sep-19,9,Q3,2019,9/1/2019,9/30/2019,2018,,
9/9/2019,W37,9/9/2019,9/15/2019,Sep,Sep-19,9,Q3,2019,9/1/2019,9/30/2019,2018,,
9/10/2019,W37,9/9/2019,9/15/2019,Sep,Sep-19,9,Q3,2019,9/1/2019,9/30/2019,2018,,
9/11/2019,W37,9/9/2019,9/15/2019,Sep,Sep-19,9,Q3,2019,9/1/2019,9/30/2019,2018,,
9/12/2019,W37,9/9/2019,9/15/2019,Sep,Sep-19,9,Q3,2019,9/1/2019,9/30/2019,2018,,
9/13/2019,W37,9/9/2019,9/15/2019,Sep,Sep-19,9,Q3,2019,9/1/2019,9/30/2019,2018,,
9/14/2019,W37,9/9/2019,9/15/2019,Sep,Sep-19,9,Q3,2019,9/1/2019,9/30/2019,2018,,
9/15/2019,W38,9/9/2019,9/15/2019,Sep,Sep-19,9,Q3,2019,9/1/2019,9/30/2019,2018,,
9/16/2019,W38,9/16/2019,9/22/2019,Sep,Sep-19,9,Q3,2019,9/1/2019,9/30/2019,2018,,
9/17/2019,W38,9/16/2019,9/22/2019,Sep,Sep-19,9,Q3,2019,9/1/2019,9/30/2019,2018,,
9/18/2019,W38,9/16/2019,9/22/2019,Sep,Sep-19,9,Q3,2019,9/1/2019,9/30/2019,2018,,
9/19/2019,W38,9/16/2019,9/22/2019,Sep,Sep-19,9,Q3,2019,9/1/2019,9/30/2019,2018,,
9/20/2019,W38,9/16/2019,9/22/2019,Sep,Sep-19,9,Q3,2019,9/1/2019,9/30/2019,2018,,
9/21/2019,W38,9/16/2019,9/22/2019,Sep,Sep-19,9,Q3,2019,9/1/2019,9/30/2019,2018,,
9/22/2019,W39,9/16/2019,9/22/2019,Sep,Sep-19,9,Q3,2019,9/1/2019,9/30/2019,2018,,
9/23/2019,W39,9/23/2019,9/29/2019,Sep,Sep-19,9,Q3,2019,9/1/2019,9/30/2019,2018,,
9/24/2019,W39,9/23/2019,9/29/2019,Sep,Sep-19,9,Q3,2019,9/1/2019,9/30/2019,2018,,
9/25/2019,W39,9/23/2019,9/29/2019,Sep,Sep-19,9,Q3,2019,9/1/2019,9/30/2019,2018,,
9/26/2019,W39,9/23/2019,9/29/2019,Sep,Sep-19,9,Q3,2019,9/1/2019,9/30/2019,2018,,
9/27/2019,W39,9/23/2019,9/29/2019,Sep,Sep-19,9,Q3,2019,9/1/2019,9/30/2019,2018,,
9/28/2019,W39,9/23/2019,9/29/2019,Sep,Sep-19,9,Q3,2019,9/1/2019,9/30/2019,2018,,
9/29/2019,W40,9/23/2019,9/29/2019,Sep,Sep-19,9,Q3,2019,9/1/2019,9/30/2019,2018,,
9/30/2019,W40,9/30/2019,10/6/2019,Sep,Sep-19,9,Q3,2019,9/1/2019,9/30/2019,2018,,
10/1/2019,W40,9/30/2019,10/6/2019,Oct,Oct-19,10,Q4,2019,10/1/2019,10/31/2019,2018,,
10/2/2019,W40,9/30/2019,10/6/2019,Oct,Oct-19,10,Q4,2019,10/1/2019,10/31/2019,2018,,
10/3/2019,W40,9/30/2019,10/6/2019,Oct,Oct-19,10,Q4,2019,10/1/2019,10/31/2019,2018,,
10/4/2019,W40,9/30/2019,10/6/2019,Oct,Oct-19,10,Q4,2019,10/1/2019,10/31/2019,2018,,
10/5/2019,W40,9/30/2019,10/6/2019,Oct,Oct-19,10,Q4,2019,10/1/2019,10/31/2019,2018,,
10/6/2019,W41,9/30/2019,10/6/2019,Oct,Oct-19,10,Q4,2019,10/1/2019,10/31/2019,2018,,
10/7/2019,W41,10/7/2019,10/13/2019,Oct,Oct-19,10,Q4,2019,10/1/2019,10/31/2019,2018,,
10/8/2019,W41,10/7/2019,10/13/2019,Oct,Oct-19,10,Q4,2019,10/1/2019,10/31/2019,2018,,
10/9/2019,W41,10/7/2019,10/13/2019,Oct,Oct-19,10,Q4,2019,10/1/2019,10/31/2019,2018,,
10/10/2019,W41,10/7/2019,10/13/2019,Oct,Oct-19,10,Q4,2019,10/1/2019,10/31/2019,2018,,
10/11/2019,W41,10/7/2019,10/13/2019,Oct,Oct-19,10,Q4,2019,10/1/2019,10/31/2019,2018,,
10/12/2019,W41,10/7/2019,10/13/2019,Oct,Oct-19,10,Q4,2019,10/1/2019,10/31/2019,2018,,
10/13/2019,W42,10/7/2019,10/13/2019,Oct,Oct-19,10,Q4,2019,10/1/2019,10/31/2019,2018,,
10/14/2019,W42,10/14/2019,10/20/2019,Oct,Oct-19,10,Q4,2019,10/1/2019,10/31/2019,2018,,
10/15/2019,W42,10/14/2019,10/20/2019,Oct,Oct-19,10,Q4,2019,10/1/2019,10/31/2019,2018,,
10/16/2019,W42,10/14/2019,10/20/2019,Oct,Oct-19,10,Q4,2019,10/1/2019,10/31/2019,2018,,
10/17/2019,W42,10/14/2019,10/20/2019,Oct,Oct-19,10,Q4,2019,10/1/2019,10/31/2019,2018,,
10/18/2019,W42,10/14/2019,10/20/2019,Oct,Oct-19,10,Q4,2019,10/1/2019,10/31/2019,2018,,
10/19/2019,W42,10/14/2019,10/20/2019,Oct,Oct-19,10,Q4,2019,10/1/2019,10/31/2019,2018,,
10/20/2019,W43,10/14/2019,10/20/2019,Oct,Oct-19,10,Q4,2019,10/1/2019,10/31/2019,2018,,
10/21/2019,W43,10/21/2019,10/27/2019,Oct,Oct-19,10,Q4,2019,10/1/2019,10/31/2019,2018,,
10/22/2019,W43,10/21/2019,10/27/2019,Oct,Oct-19,10,Q4,2019,10/1/2019,10/31/2019,2018,,
10/23/2019,W43,10/21/2019,10/27/2019,Oct,Oct-19,10,Q4,2019,10/1/2019,10/31/2019,2018,,
10/24/2019,W43,10/21/2019,10/27/2019,Oct,Oct-19,10,Q4,2019,10/1/2019,10/31/2019,2018,,
10/25/2019,W43,10/21/2019,10/27/2019,Oct,Oct-19,10,Q4,2019,10/1/2019,10/31/2019,2018,,
10/26/2019,W43,10/21/2019,10/27/2019,Oct,Oct-19,10,Q4,2019,10/1/2019,10/31/2019,2018,,
10/27/2019,W44,10/21/2019,10/27/2019,Oct,Oct-19,10,Q4,2019,10/1/2019,10/31/2019,2018,,
10/28/2019,W44,10/28/2019,11/3/2019,Oct,Oct-19,10,Q4,2019,10/1/2019,10/31/2019,2018,,
10/29/2019,W44,10/28/2019,11/3/2019,Oct,Oct-19,10,Q4,2019,10/1/2019,10/31/2019,2018,,
10/30/2019,W44,10/28/2019,11/3/2019,Oct,Oct-19,10,Q4,2019,10/1/2019,10/31/2019,2018,,
10/31/2019,W44,10/28/2019,11/3/2019,Oct,Oct-19,10,Q4,2019,10/1/2019,10/31/2019,2018,,
11/1/2019,W44,10/28/2019,11/3/2019,Nov,Nov-19,11,Q4,2019,11/1/2019,11/29/2019,2018,,
11/2/2019,W44,10/28/2019,11/3/2019,Nov,Nov-19,11,Q4,2019,11/1/2019,11/29/2019,2018,,
11/3/2019,W45,10/28/2019,11/3/2019,Nov,Nov-19,11,Q4,2019,11/1/2019,11/29/2019,2018,,
11/4/2019,W45,11/4/2019,11/10/2019,Nov,Nov-19,11,Q4,2019,11/1/2019,11/29/2019,2018,,
11/5/2019,W45,11/4/2019,11/10/2019,Nov,Nov-19,11,Q4,2019,11/1/2019,11/29/2019,2018,,
11/6/2019,W45,11/4/2019,11/10/2019,Nov,Nov-19,11,Q4,2019,11/1/2019,11/29/2019,2018,,
11/7/2019,W45,11/4/2019,11/10/2019,Nov,Nov-19,11,Q4,2019,11/1/2019,11/29/2019,2018,,
11/8/2019,W45,11/4/2019,11/10/2019,Nov,Nov-19,11,Q4,2019,11/1/2019,11/29/2019,2018,,
11/9/2019,W45,11/4/2019,11/10/2019,Nov,Nov-19,11,Q4,2019,11/1/2019,11/29/2019,2018,,
11/10/2019,W46,11/4/2019,11/10/2019,Nov,Nov-19,11,Q4,2019,11/1/2019,11/29/2019,2018,,
11/11/2019,W46,11/11/2019,11/17/2019,Nov,Nov-19,11,Q4,2019,11/1/2019,11/29/2019,2018,,
11/12/2019,W46,11/11/2019,11/17/2019,Nov,Nov-19,11,Q4,2019,11/1/2019,11/29/2019,2018,,
11/13/2019,W46,11/11/2019,11/17/2019,Nov,Nov-19,11,Q4,2019,11/1/2019,11/29/2019,2018,,
11/14/2019,W46,11/11/2019,11/17/2019,Nov,Nov-19,11,Q4,2019,11/1/2019,11/29/2019,2018,,
11/15/2019,W46,11/11/2019,11/17/2019,Nov,Nov-19,11,Q4,2019,11/1/2019,11/29/2019,2018,,
11/16/2019,W46,11/11/2019,11/17/2019,Nov,Nov-19,11,Q4,2019,11/1/2019,11/29/2019,2018,,
11/17/2019,W47,11/11/2019,11/17/2019,Nov,Nov-19,11,Q4,2019,11/1/2019,11/29/2019,2018,,
11/18/2019,W47,11/18/2019,11/24/2019,Nov,Nov-19,11,Q4,2019,11/1/2019,11/29/2019,2018,,
11/19/2019,W47,11/18/2019,11/24/2019,Nov,Nov-19,11,Q4,2019,11/1/2019,11/29/2019,2018,,
11/20/2019,W47,11/18/2019,11/24/2019,Nov,Nov-19,11,Q4,2019,11/1/2019,11/29/2019,2018,,
11/21/2019,W47,11/18/2019,11/24/2019,Nov,Nov-19,11,Q4,2019,11/1/2019,11/29/2019,2018,,
11/22/2019,W47,11/18/2019,11/24/2019,Nov,Nov-19,11,Q4,2019,11/1/2019,11/29/2019,2018,,
11/23/2019,W47,11/18/2019,11/24/2019,Nov,Nov-19,11,Q4,2019,11/1/2019,11/29/2019,2018,,
11/24/2019,W48,11/18/2019,11/24/2019,Nov,Nov-19,11,Q4,2019,11/1/2019,11/29/2019,2018,,
11/25/2019,W48,11/25/2019,12/1/2019,Nov,Nov-19,11,Q4,2019,11/1/2019,11/29/2019,2018,,
11/26/2019,W48,11/25/2019,12/1/2019,Nov,Nov-19,11,Q4,2019,11/1/2019,11/29/2019,2018,,
11/27/2019,W48,11/25/2019,12/1/2019,Nov,Nov-19,11,Q4,2019,11/1/2019,11/29/2019,2018,,
11/28/2019,W48,11/25/2019,12/1/2019,Nov,Nov-19,11,Q4,2019,11/1/2019,11/29/2019,2018,,
11/29/2019,W48,11/25/2019,12/1/2019,Nov,Nov-19,11,Q4,2019,11/1/2019,11/29/2019,2018,,
11/30/2019,W48,11/25/2019,12/1/2019,Nov,Nov-19,11,Q4,2019,11/1/2019,11/29/2019,2018,,
12/1/2019,W49,11/25/2019,12/1/2019,Dec,Dec-19,12,Q4,2019,12/1/2019,12/31/2019,2018,,
12/2/2019,W49,12/2/2019,12/8/2019,Dec,Dec-19,12,Q4,2019,12/1/2019,12/31/2019,2018,,
12/3/2019,W49,12/2/2019,12/8/2019,Dec,Dec-19,12,Q4,2019,12/1/2019,12/31/2019,2018,,
12/4/2019,W49,12/2/2019,12/8/2019,Dec,Dec-19,12,Q4,2019,12/1/2019,12/31/2019,2018,,
12/5/2019,W49,12/2/2019,12/8/2019,Dec,Dec-19,12,Q4,2019,12/1/2019,12/31/2019,2018,,
12/6/2019,W49,12/2/2019,12/8/2019,Dec,Dec-19,12,Q4,2019,12/1/2019,12/31/2019,2018,,
12/7/2019,W49,12/2/2019,12/8/2019,Dec,Dec-19,12,Q4,2019,12/1/2019,12/31/2019,2018,,
12/8/2019,W50,12/2/2019,12/8/2019,Dec,Dec-19,12,Q4,2019,12/1/2019,12/31/2019,2018,,
12/9/2019,W50,12/9/2019,12/15/2019,Dec,Dec-19,12,Q4,2019,12/1/2019,12/31/2019,2018,,
12/10/2019,W50,12/9/2019,12/15/2019,Dec,Dec-19,12,Q4,2019,12/1/2019,12/31/2019,2018,,
12/11/2019,W50,12/9/2019,12/15/2019,Dec,Dec-19,12,Q4,2019,12/1/2019,12/31/2019,2018,,
12/12/2019,W50,12/9/2019,12/15/2019,Dec,Dec-19,12,Q4,2019,12/1/2019,12/31/2019,2018,,
12/13/2019,W50,12/9/2019,12/15/2019,Dec,Dec-19,12,Q4,2019,12/1/2019,12/31/2019,2018,,
12/14/2019,W50,12/9/2019,12/15/2019,Dec,Dec-19,12,Q4,2019,12/1/2019,12/31/2019,2018,,
12/15/2019,W51,12/9/2019,12/15/2019,Dec,Dec-19,12,Q4,2019,12/1/2019,12/31/2019,2018,,
12/16/2019,W51,12/16/2019,12/22/2019,Dec,Dec-19,12,Q4,2019,12/1/2019,12/31/2019,2018,,
12/17/2019,W51,12/16/2019,12/22/2019,Dec,Dec-19,12,Q4,2019,12/1/2019,12/31/2019,2018,,
12/18/2019,W51,12/16/2019,12/22/2019,Dec,Dec-19,12,Q4,2019,12/1/2019,12/31/2019,2018,,
12/19/2019,W51,12/16/2019,12/22/2019,Dec,Dec-19,12,Q4,2019,12/1/2019,12/31/2019,2018,,
12/20/2019,W51,12/16/2019,12/22/2019,Dec,Dec-19,12,Q4,2019,12/1/2019,12/31/2019,2018,,
12/21/2019,W51,12/16/2019,12/22/2019,Dec,Dec-19,12,Q4,2019,12/1/2019,12/31/2019,2018,,
12/22/2019,W52,12/16/2019,12/22/2019,Dec,Dec-19,12,Q4,2019,12/1/2019,12/31/2019,2018,,
12/23/2019,W52,12/23/2019,12/29/2019,Dec,Dec-19,12,Q4,2019,12/1/2019,12/31/2019,2018,,
12/24/2019,W52,12/23/2019,12/29/2019,Dec,Dec-19,12,Q4,2019,12/1/2019,12/31/2019,2018,,
12/25/2019,W52,12/23/2019,12/29/2019,Dec,Dec-19,12,Q4,2019,12/1/2019,12/31/2019,2018,,
12/26/2019,W52,12/23/2019,12/29/2019,Dec,Dec-19,12,Q4,2019,12/1/2019,12/31/2019,2018,,
12/27/2019,W52,12/23/2019,12/29/2019,Dec,Dec-19,12,Q4,2019,12/1/2019,12/31/2019,2018,,
12/28/2019,W52,12/23/2019,12/29/2019,Dec,Dec-19,12,Q4,2019,12/1/2019,12/31/2019,2018,,
12/29/2019,W53,12/23/2019,12/29/2019,Dec,Dec-19,12,Q4,2019,12/1/2019,12/31/2019,2018,,
12/30/2019,W53,12/30/2019,1/5/2020,Dec,Dec-19,12,Q4,2019,12/1/2019,12/31/2019,2018,,
12/31/2019,W53,12/30/2019,1/5/2020,Dec,Dec-19,12,Q4,2019,12/1/2019,12/31/2019,2018,,
1/1/2020,W1,12/30/2019,1/5/2020,Jan,Jan-20,1,Q1,2020,1/1/2020,1/31/2020,2019,,
1/2/2020,W1,12/30/2019,1/5/2020,Jan,Jan-20,1,Q1,2020,1/1/2020,1/31/2020,2019,,
1/3/2020,W1,12/30/2019,1/5/2020,Jan,Jan-20,1,Q1,2020,1/1/2020,1/31/2020,2019,,
1/4/2020,W1,12/30/2019,1/5/2020,Jan,Jan-20,1,Q1,2020,1/1/2020,1/31/2020,2019,,
1/5/2020,W2,12/30/2019,1/5/2020,Jan,Jan-20,1,Q1,2020,1/1/2020,1/31/2020,2019,,
1/6/2020,W2,1/6/2020,1/12/2020,Jan,Jan-20,1,Q1,2020,1/1/2020,1/31/2020,2019,,
1/7/2020,W2,1/6/2020,1/12/2020,Jan,Jan-20,1,Q1,2020,1/1/2020,1/31/2020,2019,,
1/8/2020,W2,1/6/2020,1/12/2020,Jan,Jan-20,1,Q1,2020,1/1/2020,1/31/2020,2019,,
1/9/2020,W2,1/6/2020,1/12/2020,Jan,Jan-20,1,Q1,2020,1/1/2020,1/31/2020,2019,,
1/10/2020,W2,1/6/2020,1/12/2020,Jan,Jan-20,1,Q1,2020,1/1/2020,1/31/2020,2019,,
1/11/2020,W2,1/6/2020,1/12/2020,Jan,Jan-20,1,Q1,2020,1/1/2020,1/31/2020,2019,,
1/12/2020,W3,1/6/2020,1/12/2020,Jan,Jan-20,1,Q1,2020,1/1/2020,1/31/2020,2019,,
1/13/2020,W3,1/13/2020,1/19/2020,Jan,Jan-20,1,Q1,2020,1/1/2020,1/31/2020,2019,,
1/14/2020,W3,1/13/2020,1/19/2020,Jan,Jan-20,1,Q1,2020,1/1/2020,1/31/2020,2019,,
1/15/2020,W3,1/13/2020,1/19/2020,Jan,Jan-20,1,Q1,2020,1/1/2020,1/31/2020,2019,,
1/16/2020,W3,1/13/2020,1/19/2020,Jan,Jan-20,1,Q1,2020,1/1/2020,1/31/2020,2019,,
1/17/2020,W3,1/13/2020,1/19/2020,Jan,Jan-20,1,Q1,2020,1/1/2020,1/31/2020,2019,,
1/18/2020,W3,1/13/2020,1/19/2020,Jan,Jan-20,1,Q1,2020,1/1/2020,1/31/2020,2019,,
1/19/2020,W4,1/13/2020,1/19/2020,Jan,Jan-20,1,Q1,2020,1/1/2020,1/31/2020,2019,,
1/20/2020,W4,1/20/2020,1/26/2020,Jan,Jan-20,1,Q1,2020,1/1/2020,1/31/2020,2019,,
1/21/2020,W4,1/20/2020,1/26/2020,Jan,Jan-20,1,Q1,2020,1/1/2020,1/31/2020,2019,,
1/22/2020,W4,1/20/2020,1/26/2020,Jan,Jan-20,1,Q1,2020,1/1/2020,1/31/2020,2019,,
1/23/2020,W4,1/20/2020,1/26/2020,Jan,Jan-20,1,Q1,2020,1/1/2020,1/31/2020,2019,,
1/24/2020,W4,1/20/2020,1/26/2020,Jan,Jan-20,1,Q1,2020,1/1/2020,1/31/2020,2019,,
1/25/2020,W4,1/20/2020,1/26/2020,Jan,Jan-20,1,Q1,2020,1/1/2020,1/31/2020,2019,,
1/26/2020,W5,1/20/2020,1/26/2020,Jan,Jan-20,1,Q1,2020,1/1/2020,1/31/2020,2019,,
1/27/2020,W5,1/27/2020,2/2/2020,Jan,Jan-20,1,Q1,2020,1/1/2020,1/31/2020,2019,,
1/28/2020,W5,1/27/2020,2/2/2020,Jan,Jan-20,1,Q1,2020,1/1/2020,1/31/2020,2019,,
1/29/2020,W5,1/27/2020,2/2/2020,Jan,Jan-20,1,Q1,2020,1/1/2020,1/31/2020,2019,,
1/30/2020,W5,1/27/2020,2/2/2020,Jan,Jan-20,1,Q1,2020,1/1/2020,1/31/2020,2019,,
1/31/2020,W5,1/27/2020,2/2/2020,Jan,Jan-20,1,Q1,2020,1/1/2020,1/31/2020,2019,,
2/1/2020,W5,1/27/2020,2/2/2020,Feb,Feb-20,2,Q1,2020,2/1/2020,2/28/2020,2019,,
2/2/2020,W6,1/27/2020,2/2/2020,Feb,Feb-20,2,Q1,2020,2/1/2020,2/28/2020,2019,,
2/3/2020,W6,2/3/2020,2/9/2020,Feb,Feb-20,2,Q1,2020,2/1/2020,2/28/2020,2019,,
2/4/2020,W6,2/3/2020,2/9/2020,Feb,Feb-20,2,Q1,2020,2/1/2020,2/28/2020,2019,,
2/5/2020,W6,2/3/2020,2/9/2020,Feb,Feb-20,2,Q1,2020,2/1/2020,2/28/2020,2019,,
2/6/2020,W6,2/3/2020,2/9/2020,Feb,Feb-20,2,Q1,2020,2/1/2020,2/28/2020,2019,,
2/7/2020,W6,2/3/2020,2/9/2020,Feb,Feb-20,2,Q1,2020,2/1/2020,2/28/2020,2019,,
2/8/2020,W6,2/3/2020,2/9/2020,Feb,Feb-20,2,Q1,2020,2/1/2020,2/28/2020,2019,,
2/9/2020,W7,2/3/2020,2/9/2020,Feb,Feb-20,2,Q1,2020,2/1/2020,2/28/2020,2019,,
2/10/2020,W7,2/10/2020,2/16/2020,Feb,Feb-20,2,Q1,2020,2/1/2020,2/28/2020,2019,,
2/11/2020,W7,2/10/2020,2/16/2020,Feb,Feb-20,2,Q1,2020,2/1/2020,2/28/2020,2019,,
2/12/2020,W7,2/10/2020,2/16/2020,Feb,Feb-20,2,Q1,2020,2/1/2020,2/28/2020,2019,,
2/13/2020,W7,2/10/2020,2/16/2020,Feb,Feb-20,2,Q1,2020,2/1/2020,2/28/2020,2019,,
2/14/2020,W7,2/10/2020,2/16/2020,Feb,Feb-20,2,Q1,2020,2/1/2020,2/28/2020,2019,,
2/15/2020,W7,2/10/2020,2/16/2020,Feb,Feb-20,2,Q1,2020,2/1/2020,2/28/2020,2019,,
2/16/2020,W8,2/10/2020,2/16/2020,Feb,Feb-20,2,Q1,2020,2/1/2020,2/28/2020,2019,,
2/17/2020,W8,2/17/2020,2/23/2020,Feb,Feb-20,2,Q1,2020,2/1/2020,2/28/2020,2019,,
2/18/2020,W8,2/17/2020,2/23/2020,Feb,Feb-20,2,Q1,2020,2/1/2020,2/28/2020,2019,,
2/19/2020,W8,2/17/2020,2/23/2020,Feb,Feb-20,2,Q1,2020,2/1/2020,2/28/2020,2019,,
2/20/2020,W8,2/17/2020,2/23/2020,Feb,Feb-20,2,Q1,2020,2/1/2020,2/28/2020,2019,,
2/21/2020,W8,2/17/2020,2/23/2020,Feb,Feb-20,2,Q1,2020,2/1/2020,2/28/2020,2019,,
2/22/2020,W8,2/17/2020,2/23/2020,Feb,Feb-20,2,Q1,2020,2/1/2020,2/28/2020,2019,,
2/23/2020,W9,2/17/2020,2/23/2020,Feb,Feb-20,2,Q1,2020,2/1/2020,2/28/2020,2019,,
2/24/2020,W9,2/24/2020,3/1/2020,Feb,Feb-20,2,Q1,2020,2/1/2020,2/28/2020,2019,,
2/25/2020,W9,2/24/2020,3/1/2020,Feb,Feb-20,2,Q1,2020,2/1/2020,2/28/2020,2019,,
2/26/2020,W9,2/24/2020,3/1/2020,Feb,Feb-20,2,Q1,2020,2/1/2020,2/28/2020,2019,,
2/27/2020,W9,2/24/2020,3/1/2020,Feb,Feb-20,2,Q1,2020,2/1/2020,2/28/2020,2019,,
2/28/2020,W9,2/24/2020,3/1/2020,Feb,Feb-20,2,Q1,2020,2/1/2020,2/28/2020,2019,,
2/29/2020,W9,2/24/2020,3/1/2020,Feb,Feb-20,2,Q1,2020,2/1/2020,2/28/2020,2019,,
3/1/2020,W10,2/24/2020,3/1/2020,Mar,Mar-20,3,Q1,2020,3/1/2020,3/31/2020,2019,,
3/2/2020,W10,3/2/2020,3/8/2020,Mar,Mar-20,3,Q1,2020,3/1/2020,3/31/2020,2019,,
3/3/2020,W10,3/2/2020,3/8/2020,Mar,Mar-20,3,Q1,2020,3/1/2020,3/31/2020,2019,,
3/4/2020,W10,3/2/2020,3/8/2020,Mar,Mar-20,3,Q1,2020,3/1/2020,3/31/2020,2019,,
3/5/2020,W10,3/2/2020,3/8/2020,Mar,Mar-20,3,Q1,2020,3/1/2020,3/31/2020,2019,,
3/6/2020,W10,3/2/2020,3/8/2020,Mar,Mar-20,3,Q1,2020,3/1/2020,3/31/2020,2019,,
3/7/2020,W10,3/2/2020,3/8/2020,Mar,Mar-20,3,Q1,2020,3/1/2020,3/31/2020,2019,,
3/8/2020,W11,3/2/2020,3/8/2020,Mar,Mar-20,3,Q1,2020,3/1/2020,3/31/2020,2019,,
3/9/2020,W11,3/9/2020,3/15/2020,Mar,Mar-20,3,Q1,2020,3/1/2020,3/31/2020,2019,,
3/10/2020,W11,3/9/2020,3/15/2020,Mar,Mar-20,3,Q1,2020,3/1/2020,3/31/2020,2019,,
3/11/2020,W11,3/9/2020,3/15/2020,Mar,Mar-20,3,Q1,2020,3/1/2020,3/31/2020,2019,,
3/12/2020,W11,3/9/2020,3/15/2020,Mar,Mar-20,3,Q1,2020,3/1/2020,3/31/2020,2019,,
3/13/2020,W11,3/9/2020,3/15/2020,Mar,Mar-20,3,Q1,2020,3/1/2020,3/31/2020,2019,,
3/14/2020,W11,3/9/2020,3/15/2020,Mar,Mar-20,3,Q1,2020,3/1/2020,3/31/2020,2019,,
3/15/2020,W12,3/9/2020,3/15/2020,Mar,Mar-20,3,Q1,2020,3/1/2020,3/31/2020,2019,,
3/16/2020,W12,3/16/2020,3/22/2020,Mar,Mar-20,3,Q1,2020,3/1/2020,3/31/2020,2019,,
3/17/2020,W12,3/16/2020,3/22/2020,Mar,Mar-20,3,Q1,2020,3/1/2020,3/31/2020,2019,,
3/18/2020,W12,3/16/2020,3/22/2020,Mar,Mar-20,3,Q1,2020,3/1/2020,3/31/2020,2019,,
3/19/2020,W12,3/16/2020,3/22/2020,Mar,Mar-20,3,Q1,2020,3/1/2020,3/31/2020,2019,,
3/20/2020,W12,3/16/2020,3/22/2020,Mar,Mar-20,3,Q1,2020,3/1/2020,3/31/2020,2019,,
3/21/2020,W12,3/16/2020,3/22/2020,Mar,Mar-20,3,Q1,2020,3/1/2020,3/31/2020,2019,,
3/22/2020,W13,3/16/2020,3/22/2020,Mar,Mar-20,3,Q1,2020,3/1/2020,3/31/2020,2019,,
3/23/2020,W13,3/23/2020,3/29/2020,Mar,Mar-20,3,Q1,2020,3/1/2020,3/31/2020,2019,,
3/24/2020,W13,3/23/2020,3/29/2020,Mar,Mar-20,3,Q1,2020,3/1/2020,3/31/2020,2019,,
3/25/2020,W13,3/23/2020,3/29/2020,Mar,Mar-20,3,Q1,2020,3/1/2020,3/31/2020,2019,,
3/26/2020,W13,3/23/2020,3/29/2020,Mar,Mar-20,3,Q1,2020,3/1/2020,3/31/2020,2019,,
3/27/2020,W13,3/23/2020,3/29/2020,Mar,Mar-20,3,Q1,2020,3/1/2020,3/31/2020,2019,,
3/28/2020,W13,3/23/2020,3/29/2020,Mar,Mar-20,3,Q1,2020,3/1/2020,3/31/2020,2019,,
3/29/2020,W14,3/23/2020,3/29/2020,Mar,Mar-20,3,Q1,2020,3/1/2020,3/31/2020,2019,,
3/30/2020,W14,3/30/2020,4/5/2020,Mar,Mar-20,3,Q1,2020,3/1/2020,3/31/2020,2019,,
3/31/2020,W14,3/30/2020,4/5/2020,Mar,Mar-20,3,Q1,2020,3/1/2020,3/31/2020,2019,,
4/1/2020,W14,3/30/2020,4/5/2020,Apr,Apr-20,4,Q2,2020,4/1/2020,4/30/2020,2019,,
4/2/2020,W14,3/30/2020,4/5/2020,Apr,Apr-20,4,Q2,2020,4/1/2020,4/30/2020,2019,,
4/3/2020,W14,3/30/2020,4/5/2020,Apr,Apr-20,4,Q2,2020,4/1/2020,4/30/2020,2019,,
4/4/2020,W14,3/30/2020,4/5/2020,Apr,Apr-20,4,Q2,2020,4/1/2020,4/30/2020,2019,,
4/5/2020,W15,3/30/2020,4/5/2020,Apr,Apr-20,4,Q2,2020,4/1/2020,4/30/2020,2019,,
4/6/2020,W15,4/6/2020,4/12/2020,Apr,Apr-20,4,Q2,2020,4/1/2020,4/30/2020,2019,,
4/7/2020,W15,4/6/2020,4/12/2020,Apr,Apr-20,4,Q2,2020,4/1/2020,4/30/2020,2019,,
4/8/2020,W15,4/6/2020,4/12/2020,Apr,Apr-20,4,Q2,2020,4/1/2020,4/30/2020,2019,,
4/9/2020,W15,4/6/2020,4/12/2020,Apr,Apr-20,4,Q2,2020,4/1/2020,4/30/2020,2019,,
4/10/2020,W15,4/6/2020,4/12/2020,Apr,Apr-20,4,Q2,2020,4/1/2020,4/30/2020,2019,,
4/11/2020,W15,4/6/2020,4/12/2020,Apr,Apr-20,4,Q2,2020,4/1/2020,4/30/2020,2019,,
4/12/2020,W16,4/6/2020,4/12/2020,Apr,Apr-20,4,Q2,2020,4/1/2020,4/30/2020,2019,,
4/13/2020,W16,4/13/2020,4/19/2020,Apr,Apr-20,4,Q2,2020,4/1/2020,4/30/2020,2019,,
4/14/2020,W16,4/13/2020,4/19/2020,Apr,Apr-20,4,Q2,2020,4/1/2020,4/30/2020,2019,,
4/15/2020,W16,4/13/2020,4/19/2020,Apr,Apr-20,4,Q2,2020,4/1/2020,4/30/2020,2019,,
4/16/2020,W16,4/13/2020,4/19/2020,Apr,Apr-20,4,Q2,2020,4/1/2020,4/30/2020,2019,,
4/17/2020,W16,4/13/2020,4/19/2020,Apr,Apr-20,4,Q2,2020,4/1/2020,4/30/2020,2019,,
4/18/2020,W16,4/13/2020,4/19/2020,Apr,Apr-20,4,Q2,2020,4/1/2020,4/30/2020,2019,,
4/19/2020,W17,4/13/2020,4/19/2020,Apr,Apr-20,4,Q2,2020,4/1/2020,4/30/2020,2019,,
4/20/2020,W17,4/20/2020,4/26/2020,Apr,Apr-20,4,Q2,2020,4/1/2020,4/30/2020,2019,,
4/21/2020,W17,4/20/2020,4/26/2020,Apr,Apr-20,4,Q2,2020,4/1/2020,4/30/2020,2019,,
4/22/2020,W17,4/20/2020,4/26/2020,Apr,Apr-20,4,Q2,2020,4/1/2020,4/30/2020,2019,,
4/23/2020,W17,4/20/2020,4/26/2020,Apr,Apr-20,4,Q2,2020,4/1/2020,4/30/2020,2019,,
4/24/2020,W17,4/20/2020,4/26/2020,Apr,Apr-20,4,Q2,2020,4/1/2020,4/30/2020,2019,,
4/25/2020,W17,4/20/2020,4/26/2020,Apr,Apr-20,4,Q2,2020,4/1/2020,4/30/2020,2019,,
4/26/2020,W18,4/20/2020,4/26/2020,Apr,Apr-20,4,Q2,2020,4/1/2020,4/30/2020,2019,,
4/27/2020,W18,4/27/2020,5/3/2020,Apr,Apr-20,4,Q2,2020,4/1/2020,4/30/2020,2019,,
4/28/2020,W18,4/27/2020,5/3/2020,Apr,Apr-20,4,Q2,2020,4/1/2020,4/30/2020,2019,,
4/29/2020,W18,4/27/2020,5/3/2020,Apr,Apr-20,4,Q2,2020,4/1/2020,4/30/2020,2019,,
4/30/2020,W18,4/27/2020,5/3/2020,Apr,Apr-20,4,Q2,2020,4/1/2020,4/30/2020,2019,,
5/1/2020,W18,4/27/2020,5/3/2020,May,May-20,5,Q2,2020,5/1/2020,5/29/2020,2019,,
5/2/2020,W18,4/27/2020,5/3/2020,May,May-20,5,Q2,2020,5/1/2020,5/29/2020,2019,,
5/3/2020,W19,4/27/2020,5/3/2020,May,May-20,5,Q2,2020,5/1/2020,5/29/2020,2019,,
5/4/2020,W19,5/4/2020,5/10/2020,May,May-20,5,Q2,2020,5/1/2020,5/29/2020,2019,,
5/5/2020,W19,5/4/2020,5/10/2020,May,May-20,5,Q2,2020,5/1/2020,5/29/2020,2019,,
5/6/2020,W19,5/4/2020,5/10/2020,May,May-20,5,Q2,2020,5/1/2020,5/29/2020,2019,,
5/7/2020,W19,5/4/2020,5/10/2020,May,May-20,5,Q2,2020,5/1/2020,5/29/2020,2019,,
5/8/2020,W19,5/4/2020,5/10/2020,May,May-20,5,Q2,2020,5/1/2020,5/29/2020,2019,,
5/9/2020,W19,5/4/2020,5/10/2020,May,May-20,5,Q2,2020,5/1/2020,5/29/2020,2019,,
5/10/2020,W20,5/4/2020,5/10/2020,May,May-20,5,Q2,2020,5/1/2020,5/29/2020,2019,,
5/11/2020,W20,5/11/2020,5/17/2020,May,May-20,5,Q2,2020,5/1/2020,5/29/2020,2019,,
5/12/2020,W20,5/11/2020,5/17/2020,May,May-20,5,Q2,2020,5/1/2020,5/29/2020,2019,,
5/13/2020,W20,5/11/2020,5/17/2020,May,May-20,5,Q2,2020,5/1/2020,5/29/2020,2019,,
5/14/2020,W20,5/11/2020,5/17/2020,May,May-20,5,Q2,2020,5/1/2020,5/29/2020,2019,,
5/15/2020,W20,5/11/2020,5/17/2020,May,May-20,5,Q2,2020,5/1/2020,5/29/2020,2019,,
5/16/2020,W20,5/11/2020,5/17/2020,May,May-20,5,Q2,2020,5/1/2020,5/29/2020,2019,,
5/17/2020,W21,5/11/2020,5/17/2020,May,May-20,5,Q2,2020,5/1/2020,5/29/2020,2019,,
5/18/2020,W21,5/18/2020,5/24/2020,May,May-20,5,Q2,2020,5/1/2020,5/29/2020,2019,,
5/19/2020,W21,5/18/2020,5/24/2020,May,May-20,5,Q2,2020,5/1/2020,5/29/2020,2019,,
5/20/2020,W21,5/18/2020,5/24/2020,May,May-20,5,Q2,2020,5/1/2020,5/29/2020,2019,,
5/21/2020,W21,5/18/2020,5/24/2020,May,May-20,5,Q2,2020,5/1/2020,5/29/2020,2019,,
5/22/2020,W21,5/18/2020,5/24/2020,May,May-20,5,Q2,2020,5/1/2020,5/29/2020,2019,,
5/23/2020,W21,5/18/2020,5/24/2020,May,May-20,5,Q2,2020,5/1/2020,5/29/2020,2019,,
5/24/2020,W22,5/18/2020,5/24/2020,May,May-20,5,Q2,2020,5/1/2020,5/29/2020,2019,,
5/25/2020,W22,5/25/2020,5/31/2020,May,May-20,5,Q2,2020,5/1/2020,5/29/2020,2019,,
5/26/2020,W22,5/25/2020,5/31/2020,May,May-20,5,Q2,2020,5/1/2020,5/29/2020,2019,,
5/27/2020,W22,5/25/2020,5/31/2020,May,May-20,5,Q2,2020,5/1/2020,5/29/2020,2019,,
5/28/2020,W22,5/25/2020,5/31/2020,May,May-20,5,Q2,2020,5/1/2020,5/29/2020,2019,,
5/29/2020,W22,5/25/2020,5/31/2020,May,May-20,5,Q2,2020,5/1/2020,5/29/2020,2019,,
5/30/2020,W22,5/25/2020,5/31/2020,May,May-20,5,Q2,2020,5/1/2020,5/29/2020,2019,,
5/31/2020,W23,5/25/2020,5/31/2020,May,May-20,5,Q2,2020,5/1/2020,5/29/2020,2019,,
6/1/2020,W23,6/1/2020,6/7/2020,Jun,Jun-20,6,Q2,2020,6/1/2020,6/30/2020,2019,,
6/2/2020,W23,6/1/2020,6/7/2020,Jun,Jun-20,6,Q2,2020,6/1/2020,6/30/2020,2019,,
6/3/2020,W23,6/1/2020,6/7/2020,Jun,Jun-20,6,Q2,2020,6/1/2020,6/30/2020,2019,,
6/4/2020,W23,6/1/2020,6/7/2020,Jun,Jun-20,6,Q2,2020,6/1/2020,6/30/2020,2019,,
6/5/2020,W23,6/1/2020,6/7/2020,Jun,Jun-20,6,Q2,2020,6/1/2020,6/30/2020,2019,,
6/6/2020,W23,6/1/2020,6/7/2020,Jun,Jun-20,6,Q2,2020,6/1/2020,6/30/2020,2019,,
6/7/2020,W24,6/1/2020,6/7/2020,Jun,Jun-20,6,Q2,2020,6/1/2020,6/30/2020,2019,,
6/8/2020,W24,6/8/2020,6/14/2020,Jun,Jun-20,6,Q2,2020,6/1/2020,6/30/2020,2019,,
6/9/2020,W24,6/8/2020,6/14/2020,Jun,Jun-20,6,Q2,2020,6/1/2020,6/30/2020,2019,,
6/10/2020,W24,6/8/2020,6/14/2020,Jun,Jun-20,6,Q2,2020,6/1/2020,6/30/2020,2019,,
6/11/2020,W24,6/8/2020,6/14/2020,Jun,Jun-20,6,Q2,2020,6/1/2020,6/30/2020,2019,,
6/12/2020,W24,6/8/2020,6/14/2020,Jun,Jun-20,6,Q2,2020,6/1/2020,6/30/2020,2019,,
6/13/2020,W24,6/8/2020,6/14/2020,Jun,Jun-20,6,Q2,2020,6/1/2020,6/30/2020,2019,,
6/14/2020,W25,6/8/2020,6/14/2020,Jun,Jun-20,6,Q2,2020,6/1/2020,6/30/2020,2019,,
6/15/2020,W25,6/15/2020,6/21/2020,Jun,Jun-20,6,Q2,2020,6/1/2020,6/30/2020,2019,,
6/16/2020,W25,6/15/2020,6/21/2020,Jun,Jun-20,6,Q2,2020,6/1/2020,6/30/2020,2019,,
6/17/2020,W25,6/15/2020,6/21/2020,Jun,Jun-20,6,Q2,2020,6/1/2020,6/30/2020,2019,,
6/18/2020,W25,6/15/2020,6/21/2020,Jun,Jun-20,6,Q2,2020,6/1/2020,6/30/2020,2019,,
6/19/2020,W25,6/15/2020,6/21/2020,Jun,Jun-20,6,Q2,2020,6/1/2020,6/30/2020,2019,,
6/20/2020,W25,6/15/2020,6/21/2020,Jun,Jun-20,6,Q2,2020,6/1/2020,6/30/2020,2019,,
6/21/2020,W26,6/15/2020,6/21/2020,Jun,Jun-20,6,Q2,2020,6/1/2020,6/30/2020,2019,,
6/22/2020,W26,6/22/2020,6/28/2020,Jun,Jun-20,6,Q2,2020,6/1/2020,6/30/2020,2019,,
6/23/2020,W26,6/22/2020,6/28/2020,Jun,Jun-20,6,Q2,2020,6/1/2020,6/30/2020,2019,,
6/24/2020,W26,6/22/2020,6/28/2020,Jun,Jun-20,6,Q2,2020,6/1/2020,6/30/2020,2019,,
6/25/2020,W26,6/22/2020,6/28/2020,Jun,Jun-20,6,Q2,2020,6/1/2020,6/30/2020,2019,,
6/26/2020,W26,6/22/2020,6/28/2020,Jun,Jun-20,6,Q2,2020,6/1/2020,6/30/2020,2019,,
6/27/2020,W26,6/22/2020,6/28/2020,Jun,Jun-20,6,Q2,2020,6/1/2020,6/30/2020,2019,,
6/28/2020,W27,6/22/2020,6/28/2020,Jun,Jun-20,6,Q2,2020,6/1/2020,6/30/2020,2019,,
6/29/2020,W27,6/29/2020,7/5/2020,Jun,Jun-20,6,Q2,2020,6/1/2020,6/30/2020,2019,,
6/30/2020,W27,6/29/2020,7/5/2020,Jun,Jun-20,6,Q2,2020,6/1/2020,6/30/2020,2019,,
7/1/2020,W27,6/29/2020,7/5/2020,Jul,Jul-20,7,Q3,2020,7/1/2020,7/31/2020,2019,,
7/2/2020,W27,6/29/2020,7/5/2020,Jul,Jul-20,7,Q3,2020,7/1/2020,7/31/2020,2019,,
7/3/2020,W27,6/29/2020,7/5/2020,Jul,Jul-20,7,Q3,2020,7/1/2020,7/31/2020,2019,,
7/4/2020,W27,6/29/2020,7/5/2020,Jul,Jul-20,7,Q3,2020,7/1/2020,7/31/2020,2019,,
7/5/2020,W28,6/29/2020,7/5/2020,Jul,Jul-20,7,Q3,2020,7/1/2020,7/31/2020,2019,,
7/6/2020,W28,7/6/2020,7/12/2020,Jul,Jul-20,7,Q3,2020,7/1/2020,7/31/2020,2019,,
7/7/2020,W28,7/6/2020,7/12/2020,Jul,Jul-20,7,Q3,2020,7/1/2020,7/31/2020,2019,,
7/8/2020,W28,7/6/2020,7/12/2020,Jul,Jul-20,7,Q3,2020,7/1/2020,7/31/2020,2019,,
7/9/2020,W28,7/6/2020,7/12/2020,Jul,Jul-20,7,Q3,2020,7/1/2020,7/31/2020,2019,,
7/10/2020,W28,7/6/2020,7/12/2020,Jul,Jul-20,7,Q3,2020,7/1/2020,7/31/2020,2019,,
7/11/2020,W28,7/6/2020,7/12/2020,Jul,Jul-20,7,Q3,2020,7/1/2020,7/31/2020,2019,,
7/12/2020,W29,7/6/2020,7/12/2020,Jul,Jul-20,7,Q3,2020,7/1/2020,7/31/2020,2019,,
7/13/2020,W29,7/13/2020,7/19/2020,Jul,Jul-20,7,Q3,2020,7/1/2020,7/31/2020,2019,,
7/14/2020,W29,7/13/2020,7/19/2020,Jul,Jul-20,7,Q3,2020,7/1/2020,7/31/2020,2019,,
7/15/2020,W29,7/13/2020,7/19/2020,Jul,Jul-20,7,Q3,2020,7/1/2020,7/31/2020,2019,,
7/16/2020,W29,7/13/2020,7/19/2020,Jul,Jul-20,7,Q3,2020,7/1/2020,7/31/2020,2019,,
7/17/2020,W29,7/13/2020,7/19/2020,Jul,Jul-20,7,Q3,2020,7/1/2020,7/31/2020,2019,,
7/18/2020,W29,7/13/2020,7/19/2020,Jul,Jul-20,7,Q3,2020,7/1/2020,7/31/2020,2019,,
7/19/2020,W30,7/13/2020,7/19/2020,Jul,Jul-20,7,Q3,2020,7/1/2020,7/31/2020,2019,,
7/20/2020,W30,7/20/2020,7/26/2020,Jul,Jul-20,7,Q3,2020,7/1/2020,7/31/2020,2019,,
7/21/2020,W30,7/20/2020,7/26/2020,Jul,Jul-20,7,Q3,2020,7/1/2020,7/31/2020,2019,,
7/22/2020,W30,7/20/2020,7/26/2020,Jul,Jul-20,7,Q3,2020,7/1/2020,7/31/2020,2019,,
7/23/2020,W30,7/20/2020,7/26/2020,Jul,Jul-20,7,Q3,2020,7/1/2020,7/31/2020,2019,,
7/24/2020,W30,7/20/2020,7/26/2020,Jul,Jul-20,7,Q3,2020,7/1/2020,7/31/2020,2019,,
7/25/2020,W30,7/20/2020,7/26/2020,Jul,Jul-20,7,Q3,2020,7/1/2020,7/31/2020,2019,,
7/26/2020,W31,7/20/2020,7/26/2020,Jul,Jul-20,7,Q3,2020,7/1/2020,7/31/2020,2019,,
7/27/2020,W31,7/27/2020,8/2/2020,Jul,Jul-20,7,Q3,2020,7/1/2020,7/31/2020,2019,,
7/28/2020,W31,7/27/2020,8/2/2020,Jul,Jul-20,7,Q3,2020,7/1/2020,7/31/2020,2019,,
7/29/2020,W31,7/27/2020,8/2/2020,Jul,Jul-20,7,Q3,2020,7/1/2020,7/31/2020,2019,,
7/30/2020,W31,7/27/2020,8/2/2020,Jul,Jul-20,7,Q3,2020,7/1/2020,7/31/2020,2019,,
7/31/2020,W31,7/27/2020,8/2/2020,Jul,Jul-20,7,Q3,2020,7/1/2020,7/31/2020,2019,,
8/1/2020,W31,7/27/2020,8/2/2020,Aug,Aug-20,8,Q3,2020,8/1/2020,8/31/2020,2019,,
8/2/2020,W32,7/27/2020,8/2/2020,Aug,Aug-20,8,Q3,2020,8/1/2020,8/31/2020,2019,,
8/3/2020,W32,8/3/2020,8/9/2020,Aug,Aug-20,8,Q3,2020,8/1/2020,8/31/2020,2019,,
8/4/2020,W32,8/3/2020,8/9/2020,Aug,Aug-20,8,Q3,2020,8/1/2020,8/31/2020,2019,,
8/5/2020,W32,8/3/2020,8/9/2020,Aug,Aug-20,8,Q3,2020,8/1/2020,8/31/2020,2019,,
8/6/2020,W32,8/3/2020,8/9/2020,Aug,Aug-20,8,Q3,2020,8/1/2020,8/31/2020,2019,,
8/7/2020,W32,8/3/2020,8/9/2020,Aug,Aug-20,8,Q3,2020,8/1/2020,8/31/2020,2019,,
8/8/2020,W32,8/3/2020,8/9/2020,Aug,Aug-20,8,Q3,2020,8/1/2020,8/31/2020,2019,,
8/9/2020,W33,8/3/2020,8/9/2020,Aug,Aug-20,8,Q3,2020,8/1/2020,8/31/2020,2019,,
8/10/2020,W33,8/10/2020,8/16/2020,Aug,Aug-20,8,Q3,2020,8/1/2020,8/31/2020,2019,,
8/11/2020,W33,8/10/2020,8/16/2020,Aug,Aug-20,8,Q3,2020,8/1/2020,8/31/2020,2019,,
8/12/2020,W33,8/10/2020,8/16/2020,Aug,Aug-20,8,Q3,2020,8/1/2020,8/31/2020,2019,,
8/13/2020,W33,8/10/2020,8/16/2020,Aug,Aug-20,8,Q3,2020,8/1/2020,8/31/2020,2019,,
8/14/2020,W33,8/10/2020,8/16/2020,Aug,Aug-20,8,Q3,2020,8/1/2020,8/31/2020,2019,,
8/15/2020,W33,8/10/2020,8/16/2020,Aug,Aug-20,8,Q3,2020,8/1/2020,8/31/2020,2019,,
8/16/2020,W34,8/10/2020,8/16/2020,Aug,Aug-20,8,Q3,2020,8/1/2020,8/31/2020,2019,,
8/17/2020,W34,8/17/2020,8/23/2020,Aug,Aug-20,8,Q3,2020,8/1/2020,8/31/2020,2019,,
8/18/2020,W34,8/17/2020,8/23/2020,Aug,Aug-20,8,Q3,2020,8/1/2020,8/31/2020,2019,,
8/19/2020,W34,8/17/2020,8/23/2020,Aug,Aug-20,8,Q3,2020,8/1/2020,8/31/2020,2019,,
8/20/2020,W34,8/17/2020,8/23/2020,Aug,Aug-20,8,Q3,2020,8/1/2020,8/31/2020,2019,,
8/21/2020,W34,8/17/2020,8/23/2020,Aug,Aug-20,8,Q3,2020,8/1/2020,8/31/2020,2019,,
8/22/2020,W34,8/17/2020,8/23/2020,Aug,Aug-20,8,Q3,2020,8/1/2020,8/31/2020,2019,,
8/23/2020,W35,8/17/2020,8/23/2020,Aug,Aug-20,8,Q3,2020,8/1/2020,8/31/2020,2019,,
8/24/2020,W35,8/24/2020,8/30/2020,Aug,Aug-20,8,Q3,2020,8/1/2020,8/31/2020,2019,,
8/25/2020,W35,8/24/2020,8/30/2020,Aug,Aug-20,8,Q3,2020,8/1/2020,8/31/2020,2019,,
8/26/2020,W35,8/24/2020,8/30/2020,Aug,Aug-20,8,Q3,2020,8/1/2020,8/31/2020,2019,,
8/27/2020,W35,8/24/2020,8/30/2020,Aug,Aug-20,8,Q3,2020,8/1/2020,8/31/2020,2019,,
8/28/2020,W35,8/24/2020,8/30/2020,Aug,Aug-20,8,Q3,2020,8/1/2020,8/31/2020,2019,,
8/29/2020,W35,8/24/2020,8/30/2020,Aug,Aug-20,8,Q3,2020,8/1/2020,8/31/2020,2019,,
8/30/2020,W36,8/24/2020,8/30/2020,Aug,Aug-20,8,Q3,2020,8/1/2020,8/31/2020,2019,,
8/31/2020,W36,8/31/2020,9/6/2020,Aug,Aug-20,8,Q3,2020,8/1/2020,8/31/2020,2019,,
9/1/2020,W36,8/31/2020,9/6/2020,Sep,Sep-20,9,Q3,2020,9/1/2020,9/30/2020,2019,,
9/2/2020,W36,8/31/2020,9/6/2020,Sep,Sep-20,9,Q3,2020,9/1/2020,9/30/2020,2019,,
9/3/2020,W36,8/31/2020,9/6/2020,Sep,Sep-20,9,Q3,2020,9/1/2020,9/30/2020,2019,,
9/4/2020,W36,8/31/2020,9/6/2020,Sep,Sep-20,9,Q3,2020,9/1/2020,9/30/2020,2019,,
9/5/2020,W36,8/31/2020,9/6/2020,Sep,Sep-20,9,Q3,2020,9/1/2020,9/30/2020,2019,,
9/6/2020,W37,8/31/2020,9/6/2020,Sep,Sep-20,9,Q3,2020,9/1/2020,9/30/2020,2019,,
9/7/2020,W37,9/7/2020,9/13/2020,Sep,Sep-20,9,Q3,2020,9/1/2020,9/30/2020,2019,,
9/8/2020,W37,9/7/2020,9/13/2020,Sep,Sep-20,9,Q3,2020,9/1/2020,9/30/2020,2019,,
9/9/2020,W37,9/7/2020,9/13/2020,Sep,Sep-20,9,Q3,2020,9/1/2020,9/30/2020,2019,,
9/10/2020,W37,9/7/2020,9/13/2020,Sep,Sep-20,9,Q3,2020,9/1/2020,9/30/2020,2019,,
9/11/2020,W37,9/7/2020,9/13/2020,Sep,Sep-20,9,Q3,2020,9/1/2020,9/30/2020,2019,,
9/12/2020,W37,9/7/2020,9/13/2020,Sep,Sep-20,9,Q3,2020,9/1/2020,9/30/2020,2019,,
9/13/2020,W38,9/7/2020,9/13/2020,Sep,Sep-20,9,Q3,2020,9/1/2020,9/30/2020,2019,,
9/14/2020,W38,9/14/2020,9/20/2020,Sep,Sep-20,9,Q3,2020,9/1/2020,9/30/2020,2019,,
9/15/2020,W38,9/14/2020,9/20/2020,Sep,Sep-20,9,Q3,2020,9/1/2020,9/30/2020,2019,,
9/16/2020,W38,9/14/2020,9/20/2020,Sep,Sep-20,9,Q3,2020,9/1/2020,9/30/2020,2019,,
9/17/2020,W38,9/14/2020,9/20/2020,Sep,Sep-20,9,Q3,2020,9/1/2020,9/30/2020,2019,,
9/18/2020,W38,9/14/2020,9/20/2020,Sep,Sep-20,9,Q3,2020,9/1/2020,9/30/2020,2019,,
9/19/2020,W38,9/14/2020,9/20/2020,Sep,Sep-20,9,Q3,2020,9/1/2020,9/30/2020,2019,,
9/20/2020,W39,9/14/2020,9/20/2020,Sep,Sep-20,9,Q3,2020,9/1/2020,9/30/2020,2019,,
9/21/2020,W39,9/21/2020,9/27/2020,Sep,Sep-20,9,Q3,2020,9/1/2020,9/30/2020,2019,,
9/22/2020,W39,9/21/2020,9/27/2020,Sep,Sep-20,9,Q3,2020,9/1/2020,9/30/2020,2019,,
9/23/2020,W39,9/21/2020,9/27/2020,Sep,Sep-20,9,Q3,2020,9/1/2020,9/30/2020,2019,,
9/24/2020,W39,9/21/2020,9/27/2020,Sep,Sep-20,9,Q3,2020,9/1/2020,9/30/2020,2019,,
9/25/2020,W39,9/21/2020,9/27/2020,Sep,Sep-20,9,Q3,2020,9/1/2020,9/30/2020,2019,,
9/26/2020,W39,9/21/2020,9/27/2020,Sep,Sep-20,9,Q3,2020,9/1/2020,9/30/2020,2019,,
9/27/2020,W40,9/21/2020,9/27/2020,Sep,Sep-20,9,Q3,2020,9/1/2020,9/30/2020,2019,,
9/28/2020,W40,9/28/2020,10/4/2020,Sep,Sep-20,9,Q3,2020,9/1/2020,9/30/2020,2019,,
9/29/2020,W40,9/28/2020,10/4/2020,Sep,Sep-20,9,Q3,2020,9/1/2020,9/30/2020,2019,,
9/30/2020,W40,9/28/2020,10/4/2020,Sep,Sep-20,9,Q3,2020,9/1/2020,9/30/2020,2019,,
10/1/2020,W40,9/28/2020,10/4/2020,Oct,Oct-20,10,Q4,2020,10/1/2020,10/30/2020,2019,,
10/2/2020,W40,9/28/2020,10/4/2020,Oct,Oct-20,10,Q4,2020,10/1/2020,10/30/2020,2019,,
10/3/2020,W40,9/28/2020,10/4/2020,Oct,Oct-20,10,Q4,2020,10/1/2020,10/30/2020,2019,,
10/4/2020,W41,9/28/2020,10/4/2020,Oct,Oct-20,10,Q4,2020,10/1/2020,10/30/2020,2019,,
10/5/2020,W41,10/5/2020,10/11/2020,Oct,Oct-20,10,Q4,2020,10/1/2020,10/30/2020,2019,,
10/6/2020,W41,10/5/2020,10/11/2020,Oct,Oct-20,10,Q4,2020,10/1/2020,10/30/2020,2019,,
10/7/2020,W41,10/5/2020,10/11/2020,Oct,Oct-20,10,Q4,2020,10/1/2020,10/30/2020,2019,,
10/8/2020,W41,10/5/2020,10/11/2020,Oct,Oct-20,10,Q4,2020,10/1/2020,10/30/2020,2019,,
10/9/2020,W41,10/5/2020,10/11/2020,Oct,Oct-20,10,Q4,2020,10/1/2020,10/30/2020,2019,,
10/10/2020,W41,10/5/2020,10/11/2020,Oct,Oct-20,10,Q4,2020,10/1/2020,10/30/2020,2019,,
10/11/2020,W42,10/5/2020,10/11/2020,Oct,Oct-20,10,Q4,2020,10/1/2020,10/30/2020,2019,,
10/12/2020,W42,10/12/2020,10/18/2020,Oct,Oct-20,10,Q4,2020,10/1/2020,10/30/2020,2019,,
10/13/2020,W42,10/12/2020,10/18/2020,Oct,Oct-20,10,Q4,2020,10/1/2020,10/30/2020,2019,,
10/14/2020,W42,10/12/2020,10/18/2020,Oct,Oct-20,10,Q4,2020,10/1/2020,10/30/2020,2019,,
10/15/2020,W42,10/12/2020,10/18/2020,Oct,Oct-20,10,Q4,2020,10/1/2020,10/30/2020,2019,,
10/16/2020,W42,10/12/2020,10/18/2020,Oct,Oct-20,10,Q4,2020,10/1/2020,10/30/2020,2019,,
10/17/2020,W42,10/12/2020,10/18/2020,Oct,Oct-20,10,Q4,2020,10/1/2020,10/30/2020,2019,,
10/18/2020,W43,10/12/2020,10/18/2020,Oct,Oct-20,10,Q4,2020,10/1/2020,10/30/2020,2019,,
10/19/2020,W43,10/19/2020,10/25/2020,Oct,Oct-20,10,Q4,2020,10/1/2020,10/30/2020,2019,,
10/20/2020,W43,10/19/2020,10/25/2020,Oct,Oct-20,10,Q4,2020,10/1/2020,10/30/2020,2019,,
10/21/2020,W43,10/19/2020,10/25/2020,Oct,Oct-20,10,Q4,2020,10/1/2020,10/30/2020,2019,,
10/22/2020,W43,10/19/2020,10/25/2020,Oct,Oct-20,10,Q4,2020,10/1/2020,10/30/2020,2019,,
10/23/2020,W43,10/19/2020,10/25/2020,Oct,Oct-20,10,Q4,2020,10/1/2020,10/30/2020,2019,,
10/24/2020,W43,10/19/2020,10/25/2020,Oct,Oct-20,10,Q4,2020,10/1/2020,10/30/2020,2019,,
10/25/2020,W44,10/19/2020,10/25/2020,Oct,Oct-20,10,Q4,2020,10/1/2020,10/30/2020,2019,,
10/26/2020,W44,10/26/2020,11/1/2020,Oct,Oct-20,10,Q4,2020,10/1/2020,10/30/2020,2019,,
10/27/2020,W44,10/26/2020,11/1/2020,Oct,Oct-20,10,Q4,2020,10/1/2020,10/30/2020,2019,,
10/28/2020,W44,10/26/2020,11/1/2020,Oct,Oct-20,10,Q4,2020,10/1/2020,10/30/2020,2019,,
10/29/2020,W44,10/26/2020,11/1/2020,Oct,Oct-20,10,Q4,2020,10/1/2020,10/30/2020,2019,,
10/30/2020,W44,10/26/2020,11/1/2020,Oct,Oct-20,10,Q4,2020,10/1/2020,10/30/2020,2019,,
10/31/2020,W44,10/26/2020,11/1/2020,Oct,Oct-20,10,Q4,2020,10/1/2020,10/30/2020,2019,,
11/1/2020,W45,10/26/2020,11/1/2020,Nov,Nov-20,11,Q4,2020,11/1/2020,11/30/2020,2019,,
11/2/2020,W45,11/2/2020,11/8/2020,Nov,Nov-20,11,Q4,2020,11/1/2020,11/30/2020,2019,,
11/3/2020,W45,11/2/2020,11/8/2020,Nov,Nov-20,11,Q4,2020,11/1/2020,11/30/2020,2019,,
11/4/2020,W45,11/2/2020,11/8/2020,Nov,Nov-20,11,Q4,2020,11/1/2020,11/30/2020,2019,,
11/5/2020,W45,11/2/2020,11/8/2020,Nov,Nov-20,11,Q4,2020,11/1/2020,11/30/2020,2019,,
11/6/2020,W45,11/2/2020,11/8/2020,Nov,Nov-20,11,Q4,2020,11/1/2020,11/30/2020,2019,,
11/7/2020,W45,11/2/2020,11/8/2020,Nov,Nov-20,11,Q4,2020,11/1/2020,11/30/2020,2019,,
11/8/2020,W46,11/2/2020,11/8/2020,Nov,Nov-20,11,Q4,2020,11/1/2020,11/30/2020,2019,,
11/9/2020,W46,11/9/2020,11/15/2020,Nov,Nov-20,11,Q4,2020,11/1/2020,11/30/2020,2019,,
11/10/2020,W46,11/9/2020,11/15/2020,Nov,Nov-20,11,Q4,2020,11/1/2020,11/30/2020,2019,,
11/11/2020,W46,11/9/2020,11/15/2020,Nov,Nov-20,11,Q4,2020,11/1/2020,11/30/2020,2019,,
11/12/2020,W46,11/9/2020,11/15/2020,Nov,Nov-20,11,Q4,2020,11/1/2020,11/30/2020,2019,,
11/13/2020,W46,11/9/2020,11/15/2020,Nov,Nov-20,11,Q4,2020,11/1/2020,11/30/2020,2019,,
11/14/2020,W46,11/9/2020,11/15/2020,Nov,Nov-20,11,Q4,2020,11/1/2020,11/30/2020,2019,,
11/15/2020,W47,11/9/2020,11/15/2020,Nov,Nov-20,11,Q4,2020,11/1/2020,11/30/2020,2019,,
11/16/2020,W47,11/16/2020,11/22/2020,Nov,Nov-20,11,Q4,2020,11/1/2020,11/30/2020,2019,,
11/17/2020,W47,11/16/2020,11/22/2020,Nov,Nov-20,11,Q4,2020,11/1/2020,11/30/2020,2019,,
11/18/2020,W47,11/16/2020,11/22/2020,Nov,Nov-20,11,Q4,2020,11/1/2020,11/30/2020,2019,,
11/19/2020,W47,11/16/2020,11/22/2020,Nov,Nov-20,11,Q4,2020,11/1/2020,11/30/2020,2019,,
11/20/2020,W47,11/16/2020,11/22/2020,Nov,Nov-20,11,Q4,2020,11/1/2020,11/30/2020,2019,,
11/21/2020,W47,11/16/2020,11/22/2020,Nov,Nov-20,11,Q4,2020,11/1/2020,11/30/2020,2019,,
11/22/2020,W48,11/16/2020,11/22/2020,Nov,Nov-20,11,Q4,2020,11/1/2020,11/30/2020,2019,,
11/23/2020,W48,11/23/2020,11/29/2020,Nov,Nov-20,11,Q4,2020,11/1/2020,11/30/2020,2019,,
11/24/2020,W48,11/23/2020,11/29/2020,Nov,Nov-20,11,Q4,2020,11/1/2020,11/30/2020,2019,,
11/25/2020,W48,11/23/2020,11/29/2020,Nov,Nov-20,11,Q4,2020,11/1/2020,11/30/2020,2019,,
11/26/2020,W48,11/23/2020,11/29/2020,Nov,Nov-20,11,Q4,2020,11/1/2020,11/30/2020,2019,,
11/27/2020,W48,11/23/2020,11/29/2020,Nov,Nov-20,11,Q4,2020,11/1/2020,11/30/2020,2019,,
11/28/2020,W48,11/23/2020,11/29/2020,Nov,Nov-20,11,Q4,2020,11/1/2020,11/30/2020,2019,,
11/29/2020,W49,11/23/2020,11/29/2020,Nov,Nov-20,11,Q4,2020,11/1/2020,11/30/2020,2019,,
11/30/2020,W49,11/30/2020,12/6/2020,Nov,Nov-20,11,Q4,2020,11/1/2020,11/30/2020,2019,,
12/1/2020,W49,11/30/2020,12/6/2020,Dec,Dec-20,12,Q4,2020,12/1/2020,12/31/2020,2019,,
12/2/2020,W49,11/30/2020,12/6/2020,Dec,Dec-20,12,Q4,2020,12/1/2020,12/31/2020,2019,,
12/3/2020,W49,11/30/2020,12/6/2020,Dec,Dec-20,12,Q4,2020,12/1/2020,12/31/2020,2019,,
12/4/2020,W49,11/30/2020,12/6/2020,Dec,Dec-20,12,Q4,2020,12/1/2020,12/31/2020,2019,,
12/5/2020,W49,11/30/2020,12/6/2020,Dec,Dec-20,12,Q4,2020,12/1/2020,12/31/2020,2019,,
12/6/2020,W50,11/30/2020,12/6/2020,Dec,Dec-20,12,Q4,2020,12/1/2020,12/31/2020,2019,,
12/7/2020,W50,12/7/2020,12/13/2020,Dec,Dec-20,12,Q4,2020,12/1/2020,12/31/2020,2019,,
12/8/2020,W50,12/7/2020,12/13/2020,Dec,Dec-20,12,Q4,2020,12/1/2020,12/31/2020,2019,,
12/9/2020,W50,12/7/2020,12/13/2020,Dec,Dec-20,12,Q4,2020,12/1/2020,12/31/2020,2019,,
12/10/2020,W50,12/7/2020,12/13/2020,Dec,Dec-20,12,Q4,2020,12/1/2020,12/31/2020,2019,,
12/11/2020,W50,12/7/2020,12/13/2020,Dec,Dec-20,12,Q4,2020,12/1/2020,12/31/2020,2019,,
12/12/2020,W50,12/7/2020,12/13/2020,Dec,Dec-20,12,Q4,2020,12/1/2020,12/31/2020,2019,,
12/13/2020,W51,12/7/2020,12/13/2020,Dec,Dec-20,12,Q4,2020,12/1/2020,12/31/2020,2019,,
12/14/2020,W51,12/14/2020,12/20/2020,Dec,Dec-20,12,Q4,2020,12/1/2020,12/31/2020,2019,,
12/15/2020,W51,12/14/2020,12/20/2020,Dec,Dec-20,12,Q4,2020,12/1/2020,12/31/2020,2019,,
12/16/2020,W51,12/14/2020,12/20/2020,Dec,Dec-20,12,Q4,2020,12/1/2020,12/31/2020,2019,,
12/17/2020,W51,12/14/2020,12/20/2020,Dec,Dec-20,12,Q4,2020,12/1/2020,12/31/2020,2019,,
12/18/2020,W51,12/14/2020,12/20/2020,Dec,Dec-20,12,Q4,2020,12/1/2020,12/31/2020,2019,,
12/19/2020,W51,12/14/2020,12/20/2020,Dec,Dec-20,12,Q4,2020,12/1/2020,12/31/2020,2019,,
12/20/2020,W52,12/14/2020,12/20/2020,Dec,Dec-20,12,Q4,2020,12/1/2020,12/31/2020,2019,,
12/21/2020,W52,12/21/2020,12/27/2020,Dec,Dec-20,12,Q4,2020,12/1/2020,12/31/2020,2019,,
12/22/2020,W52,12/21/2020,12/27/2020,Dec,Dec-20,12,Q4,2020,12/1/2020,12/31/2020,2019,,
12/23/2020,W52,12/21/2020,12/27/2020,Dec,Dec-20,12,Q4,2020,12/1/2020,12/31/2020,2019,,
12/24/2020,W52,12/21/2020,12/27/2020,Dec,Dec-20,12,Q4,2020,12/1/2020,12/31/2020,2019,,
12/25/2020,W52,12/21/2020,12/27/2020,Dec,Dec-20,12,Q4,2020,12/1/2020,12/31/2020,2019,,
12/26/2020,W52,12/21/2020,12/27/2020,Dec,Dec-20,12,Q4,2020,12/1/2020,12/31/2020,2019,,
12/27/2020,W53,12/21/2020,12/27/2020,Dec,Dec-20,12,Q4,2020,12/1/2020,12/31/2020,2019,,
12/28/2020,W53,12/28/2020,1/3/2021,Dec,Dec-20,12,Q4,2020,12/1/2020,12/31/2020,2019,,
12/29/2020,W53,12/28/2020,1/3/2021,Dec,Dec-20,12,Q4,2020,12/1/2020,12/31/2020,2019,,
12/30/2020,W53,12/28/2020,1/3/2021,Dec,Dec-20,12,Q4,2020,12/1/2020,12/31/2020,2019,,
12/31/2020,W53,12/28/2020,1/3/2021,Dec,Dec-20,12,Q4,2020,12/1/2020,12/31/2020,2019,,
